id,predict
1,cat
2,deer
3,truck
4,car
5,plane
6,car
7,dog
8,ship
9,horse
10,ship
11,truck
12,frog
13,frog
14,dog
15,car
16,bird
17,cat
18,plane
19,frog
20,plane
21,car
22,ship
23,deer
24,cat
25,ship
26,bird
27,frog
28,plane
29,frog
30,ship
31,ship
32,horse
33,car
34,bird
35,truck
36,ship
37,frog
38,car
39,car
40,truck
41,deer
42,plane
43,dog
44,dog
45,truck
46,cat
47,cat
48,frog
49,truck
50,deer
51,deer
52,deer
53,truck
54,dog
55,plane
56,horse
57,plane
58,truck
59,bird
60,horse
61,plane
62,deer
63,ship
64,deer
65,truck
66,car
67,horse
68,frog
69,frog
70,cat
71,deer
72,deer
73,truck
74,cat
75,dog
76,horse
77,dog
78,frog
79,deer
80,deer
81,frog
82,frog
83,cat
84,truck
85,plane
86,bird
87,ship
88,deer
89,ship
90,car
91,frog
92,ship
93,deer
94,plane
95,frog
96,dog
97,horse
98,truck
99,ship
100,ship
101,plane
102,horse
103,plane
104,bird
105,frog
106,horse
107,frog
108,truck
109,horse
110,plane
111,plane
112,deer
113,bird
114,car
115,plane
116,deer
117,plane
118,plane
119,bird
120,truck
121,bird
122,dog
123,truck
124,bird
125,truck
126,bird
127,cat
128,truck
129,plane
130,horse
131,frog
132,car
133,horse
134,car
135,deer
136,dog
137,frog
138,dog
139,truck
140,ship
141,deer
142,dog
143,dog
144,ship
145,dog
146,cat
147,ship
148,ship
149,ship
150,deer
151,ship
152,bird
153,truck
154,bird
155,bird
156,car
157,truck
158,dog
159,frog
160,cat
161,dog
162,horse
163,bird
164,deer
165,ship
166,cat
167,deer
168,cat
169,plane
170,horse
171,car
172,cat
173,car
174,deer
175,cat
176,cat
177,bird
178,truck
179,car
180,ship
181,ship
182,car
183,truck
184,horse
185,car
186,car
187,truck
188,ship
189,horse
190,dog
191,deer
192,plane
193,truck
194,plane
195,horse
196,frog
197,deer
198,bird
199,car
200,ship
201,ship
202,bird
203,deer
204,deer
205,bird
206,dog
207,plane
208,horse
209,frog
210,car
211,horse
212,truck
213,ship
214,truck
215,frog
216,ship
217,frog
218,plane
219,car
220,bird
221,car
222,horse
223,truck
224,frog
225,deer
226,dog
227,frog
228,deer
229,cat
230,bird
231,bird
232,ship
233,cat
234,truck
235,plane
236,plane
237,frog
238,plane
239,plane
240,truck
241,truck
242,plane
243,deer
244,horse
245,ship
246,deer
247,dog
248,deer
249,bird
250,truck
251,bird
252,frog
253,dog
254,deer
255,car
256,ship
257,truck
258,dog
259,bird
260,plane
261,truck
262,dog
263,truck
264,frog
265,horse
266,truck
267,ship
268,deer
269,deer
270,plane
271,ship
272,deer
273,car
274,cat
275,dog
276,ship
277,truck
278,car
279,ship
280,plane
281,deer
282,truck
283,horse
284,plane
285,deer
286,plane
287,deer
288,car
289,ship
290,car
291,cat
292,plane
293,frog
294,horse
295,ship
296,deer
297,car
298,ship
299,truck
300,bird
301,horse
302,horse
303,frog
304,frog
305,plane
306,horse
307,car
308,bird
309,truck
310,plane
311,deer
312,ship
313,frog
314,plane
315,bird
316,deer
317,truck
318,dog
319,plane
320,truck
321,frog
322,horse
323,bird
324,deer
325,cat
326,car
327,plane
328,cat
329,frog
330,frog
331,car
332,ship
333,car
334,car
335,frog
336,dog
337,ship
338,truck
339,cat
340,car
341,dog
342,deer
343,dog
344,ship
345,bird
346,bird
347,ship
348,frog
349,dog
350,truck
351,frog
352,frog
353,deer
354,deer
355,bird
356,dog
357,cat
358,bird
359,truck
360,car
361,truck
362,ship
363,frog
364,frog
365,frog
366,plane
367,frog
368,cat
369,deer
370,cat
371,dog
372,cat
373,horse
374,ship
375,ship
376,truck
377,plane
378,frog
379,frog
380,dog
381,horse
382,bird
383,dog
384,truck
385,truck
386,frog
387,deer
388,deer
389,car
390,deer
391,dog
392,dog
393,deer
394,ship
395,dog
396,horse
397,ship
398,dog
399,plane
400,frog
401,ship
402,bird
403,horse
404,truck
405,truck
406,horse
407,plane
408,bird
409,frog
410,frog
411,car
412,deer
413,bird
414,bird
415,bird
416,bird
417,deer
418,plane
419,car
420,horse
421,horse
422,truck
423,ship
424,deer
425,ship
426,bird
427,ship
428,truck
429,horse
430,ship
431,bird
432,truck
433,ship
434,bird
435,frog
436,ship
437,car
438,deer
439,cat
440,car
441,car
442,cat
443,ship
444,frog
445,horse
446,bird
447,bird
448,truck
449,ship
450,plane
451,plane
452,bird
453,ship
454,truck
455,car
456,truck
457,deer
458,plane
459,frog
460,ship
461,car
462,frog
463,deer
464,horse
465,frog
466,truck
467,plane
468,ship
469,ship
470,cat
471,frog
472,ship
473,horse
474,dog
475,car
476,dog
477,frog
478,horse
479,frog
480,deer
481,plane
482,car
483,ship
484,deer
485,ship
486,ship
487,cat
488,cat
489,dog
490,ship
491,frog
492,bird
493,horse
494,truck
495,bird
496,plane
497,bird
498,frog
499,plane
500,bird
501,car
502,plane
503,plane
504,frog
505,cat
506,dog
507,bird
508,dog
509,frog
510,frog
511,dog
512,bird
513,horse
514,plane
515,cat
516,plane
517,truck
518,cat
519,cat
520,frog
521,car
522,cat
523,horse
524,deer
525,plane
526,cat
527,dog
528,frog
529,bird
530,ship
531,deer
532,horse
533,horse
534,cat
535,deer
536,truck
537,car
538,truck
539,cat
540,bird
541,ship
542,frog
543,cat
544,cat
545,truck
546,truck
547,frog
548,deer
549,plane
550,dog
551,car
552,ship
553,cat
554,deer
555,plane
556,cat
557,deer
558,dog
559,truck
560,car
561,deer
562,frog
563,dog
564,horse
565,frog
566,frog
567,frog
568,bird
569,ship
570,dog
571,plane
572,plane
573,car
574,deer
575,cat
576,frog
577,truck
578,dog
579,car
580,horse
581,bird
582,plane
583,car
584,bird
585,car
586,horse
587,truck
588,frog
589,bird
590,dog
591,frog
592,truck
593,horse
594,bird
595,bird
596,cat
597,ship
598,car
599,truck
600,truck
601,frog
602,frog
603,frog
604,dog
605,plane
606,bird
607,car
608,deer
609,frog
610,ship
611,cat
612,ship
613,dog
614,cat
615,truck
616,truck
617,truck
618,deer
619,ship
620,ship
621,dog
622,deer
623,car
624,deer
625,bird
626,deer
627,ship
628,bird
629,car
630,horse
631,truck
632,car
633,plane
634,frog
635,car
636,bird
637,ship
638,frog
639,dog
640,car
641,frog
642,frog
643,horse
644,plane
645,dog
646,plane
647,car
648,bird
649,plane
650,bird
651,car
652,horse
653,bird
654,car
655,car
656,truck
657,ship
658,frog
659,ship
660,deer
661,truck
662,ship
663,cat
664,bird
665,truck
666,ship
667,car
668,bird
669,frog
670,horse
671,cat
672,car
673,bird
674,plane
675,bird
676,truck
677,cat
678,plane
679,dog
680,plane
681,frog
682,car
683,bird
684,deer
685,horse
686,dog
687,frog
688,plane
689,horse
690,plane
691,bird
692,dog
693,dog
694,ship
695,dog
696,horse
697,dog
698,car
699,dog
700,bird
701,ship
702,car
703,dog
704,horse
705,plane
706,frog
707,ship
708,frog
709,dog
710,truck
711,car
712,cat
713,dog
714,ship
715,cat
716,deer
717,dog
718,plane
719,deer
720,plane
721,dog
722,cat
723,cat
724,plane
725,car
726,ship
727,ship
728,frog
729,deer
730,plane
731,ship
732,frog
733,frog
734,frog
735,car
736,truck
737,ship
738,plane
739,frog
740,deer
741,truck
742,plane
743,horse
744,deer
745,truck
746,horse
747,deer
748,truck
749,horse
750,truck
751,dog
752,truck
753,ship
754,plane
755,deer
756,plane
757,bird
758,deer
759,cat
760,plane
761,dog
762,truck
763,cat
764,truck
765,truck
766,cat
767,bird
768,bird
769,ship
770,cat
771,car
772,horse
773,deer
774,dog
775,car
776,frog
777,frog
778,car
779,bird
780,deer
781,ship
782,frog
783,bird
784,frog
785,ship
786,plane
787,car
788,frog
789,horse
790,car
791,truck
792,bird
793,bird
794,ship
795,cat
796,frog
797,ship
798,plane
799,deer
800,car
801,cat
802,horse
803,horse
804,cat
805,plane
806,ship
807,dog
808,truck
809,car
810,dog
811,dog
812,plane
813,dog
814,car
815,frog
816,ship
817,dog
818,bird
819,deer
820,truck
821,frog
822,frog
823,truck
824,cat
825,ship
826,horse
827,cat
828,truck
829,ship
830,bird
831,bird
832,bird
833,horse
834,car
835,deer
836,ship
837,bird
838,dog
839,frog
840,ship
841,horse
842,car
843,dog
844,frog
845,deer
846,ship
847,frog
848,dog
849,car
850,truck
851,truck
852,plane
853,dog
854,truck
855,deer
856,bird
857,car
858,ship
859,horse
860,cat
861,car
862,truck
863,truck
864,plane
865,ship
866,deer
867,bird
868,ship
869,plane
870,horse
871,frog
872,truck
873,dog
874,deer
875,cat
876,deer
877,car
878,dog
879,cat
880,cat
881,truck
882,frog
883,plane
884,frog
885,plane
886,car
887,ship
888,frog
889,bird
890,car
891,ship
892,frog
893,frog
894,car
895,bird
896,bird
897,plane
898,bird
899,dog
900,car
901,car
902,ship
903,plane
904,frog
905,deer
906,cat
907,truck
908,deer
909,plane
910,cat
911,horse
912,horse
913,horse
914,cat
915,cat
916,car
917,horse
918,car
919,frog
920,truck
921,bird
922,ship
923,cat
924,ship
925,car
926,truck
927,ship
928,plane
929,car
930,horse
931,frog
932,horse
933,plane
934,plane
935,truck
936,frog
937,car
938,bird
939,horse
940,horse
941,frog
942,ship
943,horse
944,cat
945,deer
946,bird
947,plane
948,truck
949,truck
950,cat
951,truck
952,car
953,frog
954,truck
955,deer
956,bird
957,frog
958,cat
959,horse
960,frog
961,frog
962,cat
963,deer
964,truck
965,frog
966,plane
967,frog
968,bird
969,horse
970,plane
971,dog
972,plane
973,deer
974,car
975,frog
976,plane
977,frog
978,deer
979,cat
980,cat
981,ship
982,plane
983,frog
984,cat
985,car
986,cat
987,ship
988,bird
989,cat
990,truck
991,bird
992,cat
993,truck
994,cat
995,dog
996,frog
997,car
998,bird
999,frog
1000,plane
1001,dog
1002,plane
1003,truck
1004,plane
1005,ship
1006,car
1007,ship
1008,frog
1009,truck
1010,dog
1011,frog
1012,horse
1013,dog
1014,frog
1015,dog
1016,dog
1017,frog
1018,horse
1019,deer
1020,cat
1021,deer
1022,deer
1023,horse
1024,bird
1025,truck
1026,cat
1027,horse
1028,horse
1029,bird
1030,deer
1031,frog
1032,deer
1033,truck
1034,cat
1035,bird
1036,car
1037,horse
1038,ship
1039,dog
1040,bird
1041,bird
1042,deer
1043,frog
1044,ship
1045,ship
1046,horse
1047,horse
1048,dog
1049,truck
1050,dog
1051,ship
1052,truck
1053,car
1054,deer
1055,ship
1056,plane
1057,truck
1058,car
1059,plane
1060,truck
1061,horse
1062,truck
1063,cat
1064,deer
1065,truck
1066,deer
1067,plane
1068,ship
1069,deer
1070,ship
1071,car
1072,cat
1073,plane
1074,frog
1075,ship
1076,horse
1077,car
1078,bird
1079,cat
1080,cat
1081,deer
1082,car
1083,deer
1084,bird
1085,truck
1086,bird
1087,deer
1088,horse
1089,truck
1090,car
1091,ship
1092,ship
1093,frog
1094,car
1095,car
1096,ship
1097,deer
1098,ship
1099,car
1100,horse
1101,horse
1102,truck
1103,ship
1104,ship
1105,deer
1106,car
1107,truck
1108,frog
1109,cat
1110,horse
1111,ship
1112,ship
1113,car
1114,ship
1115,ship
1116,truck
1117,frog
1118,truck
1119,car
1120,plane
1121,ship
1122,truck
1123,ship
1124,ship
1125,dog
1126,bird
1127,deer
1128,car
1129,truck
1130,plane
1131,plane
1132,dog
1133,ship
1134,frog
1135,deer
1136,ship
1137,plane
1138,horse
1139,deer
1140,ship
1141,plane
1142,frog
1143,bird
1144,cat
1145,horse
1146,frog
1147,car
1148,bird
1149,car
1150,ship
1151,deer
1152,cat
1153,cat
1154,car
1155,bird
1156,cat
1157,plane
1158,car
1159,truck
1160,frog
1161,car
1162,truck
1163,bird
1164,cat
1165,car
1166,horse
1167,dog
1168,car
1169,bird
1170,frog
1171,frog
1172,bird
1173,bird
1174,ship
1175,truck
1176,frog
1177,ship
1178,deer
1179,cat
1180,deer
1181,horse
1182,deer
1183,ship
1184,deer
1185,ship
1186,car
1187,cat
1188,dog
1189,frog
1190,frog
1191,horse
1192,ship
1193,plane
1194,truck
1195,ship
1196,dog
1197,truck
1198,dog
1199,frog
1200,truck
1201,frog
1202,car
1203,horse
1204,cat
1205,plane
1206,cat
1207,dog
1208,bird
1209,plane
1210,ship
1211,truck
1212,truck
1213,bird
1214,dog
1215,deer
1216,horse
1217,truck
1218,frog
1219,frog
1220,car
1221,cat
1222,deer
1223,bird
1224,bird
1225,car
1226,ship
1227,truck
1228,frog
1229,horse
1230,car
1231,car
1232,ship
1233,plane
1234,truck
1235,dog
1236,bird
1237,ship
1238,bird
1239,plane
1240,deer
1241,dog
1242,dog
1243,ship
1244,ship
1245,ship
1246,ship
1247,cat
1248,horse
1249,bird
1250,bird
1251,plane
1252,truck
1253,deer
1254,ship
1255,truck
1256,truck
1257,ship
1258,dog
1259,truck
1260,car
1261,cat
1262,car
1263,ship
1264,bird
1265,truck
1266,ship
1267,deer
1268,car
1269,dog
1270,car
1271,dog
1272,horse
1273,frog
1274,bird
1275,cat
1276,plane
1277,deer
1278,car
1279,truck
1280,truck
1281,ship
1282,bird
1283,dog
1284,ship
1285,truck
1286,deer
1287,deer
1288,truck
1289,truck
1290,cat
1291,ship
1292,horse
1293,horse
1294,deer
1295,plane
1296,deer
1297,frog
1298,truck
1299,deer
1300,horse
1301,horse
1302,frog
1303,dog
1304,bird
1305,car
1306,car
1307,ship
1308,frog
1309,deer
1310,bird
1311,truck
1312,deer
1313,horse
1314,cat
1315,dog
1316,ship
1317,truck
1318,car
1319,frog
1320,dog
1321,truck
1322,car
1323,frog
1324,car
1325,plane
1326,deer
1327,dog
1328,cat
1329,dog
1330,bird
1331,horse
1332,deer
1333,frog
1334,truck
1335,bird
1336,frog
1337,cat
1338,plane
1339,car
1340,truck
1341,dog
1342,cat
1343,deer
1344,frog
1345,truck
1346,deer
1347,car
1348,bird
1349,frog
1350,deer
1351,cat
1352,ship
1353,dog
1354,bird
1355,plane
1356,horse
1357,cat
1358,car
1359,bird
1360,truck
1361,plane
1362,deer
1363,dog
1364,cat
1365,ship
1366,plane
1367,frog
1368,deer
1369,cat
1370,car
1371,ship
1372,truck
1373,cat
1374,horse
1375,dog
1376,truck
1377,truck
1378,bird
1379,bird
1380,car
1381,ship
1382,truck
1383,truck
1384,bird
1385,car
1386,bird
1387,ship
1388,horse
1389,ship
1390,car
1391,car
1392,cat
1393,ship
1394,bird
1395,dog
1396,cat
1397,truck
1398,ship
1399,truck
1400,car
1401,horse
1402,bird
1403,car
1404,plane
1405,truck
1406,plane
1407,cat
1408,deer
1409,frog
1410,cat
1411,car
1412,dog
1413,deer
1414,dog
1415,ship
1416,plane
1417,ship
1418,car
1419,frog
1420,horse
1421,horse
1422,car
1423,truck
1424,truck
1425,frog
1426,dog
1427,truck
1428,deer
1429,frog
1430,car
1431,truck
1432,frog
1433,cat
1434,plane
1435,truck
1436,truck
1437,bird
1438,plane
1439,bird
1440,truck
1441,car
1442,horse
1443,bird
1444,plane
1445,ship
1446,plane
1447,ship
1448,horse
1449,plane
1450,horse
1451,car
1452,deer
1453,plane
1454,frog
1455,ship
1456,cat
1457,horse
1458,deer
1459,ship
1460,dog
1461,horse
1462,dog
1463,horse
1464,plane
1465,horse
1466,car
1467,bird
1468,plane
1469,frog
1470,car
1471,deer
1472,horse
1473,deer
1474,frog
1475,plane
1476,dog
1477,truck
1478,bird
1479,car
1480,truck
1481,plane
1482,ship
1483,car
1484,truck
1485,horse
1486,ship
1487,deer
1488,cat
1489,dog
1490,truck
1491,car
1492,ship
1493,frog
1494,frog
1495,car
1496,plane
1497,cat
1498,truck
1499,frog
1500,dog
1501,ship
1502,cat
1503,cat
1504,horse
1505,ship
1506,car
1507,ship
1508,bird
1509,plane
1510,horse
1511,frog
1512,bird
1513,ship
1514,horse
1515,horse
1516,ship
1517,truck
1518,horse
1519,plane
1520,truck
1521,deer
1522,car
1523,plane
1524,cat
1525,ship
1526,dog
1527,cat
1528,bird
1529,truck
1530,deer
1531,frog
1532,truck
1533,frog
1534,car
1535,dog
1536,car
1537,horse
1538,truck
1539,ship
1540,frog
1541,car
1542,ship
1543,bird
1544,truck
1545,frog
1546,horse
1547,car
1548,dog
1549,truck
1550,car
1551,truck
1552,ship
1553,ship
1554,ship
1555,bird
1556,dog
1557,car
1558,truck
1559,ship
1560,bird
1561,car
1562,dog
1563,cat
1564,dog
1565,frog
1566,bird
1567,deer
1568,car
1569,cat
1570,plane
1571,truck
1572,bird
1573,dog
1574,horse
1575,deer
1576,cat
1577,car
1578,plane
1579,truck
1580,plane
1581,car
1582,cat
1583,dog
1584,frog
1585,frog
1586,car
1587,dog
1588,horse
1589,truck
1590,truck
1591,ship
1592,frog
1593,frog
1594,deer
1595,cat
1596,plane
1597,horse
1598,car
1599,frog
1600,truck
1601,frog
1602,truck
1603,plane
1604,frog
1605,bird
1606,bird
1607,ship
1608,car
1609,deer
1610,car
1611,truck
1612,dog
1613,frog
1614,plane
1615,horse
1616,plane
1617,deer
1618,bird
1619,dog
1620,car
1621,ship
1622,car
1623,ship
1624,truck
1625,cat
1626,horse
1627,cat
1628,bird
1629,car
1630,truck
1631,horse
1632,deer
1633,ship
1634,ship
1635,truck
1636,plane
1637,frog
1638,car
1639,ship
1640,truck
1641,ship
1642,frog
1643,cat
1644,deer
1645,frog
1646,cat
1647,car
1648,cat
1649,deer
1650,truck
1651,horse
1652,ship
1653,dog
1654,deer
1655,deer
1656,dog
1657,bird
1658,plane
1659,frog
1660,car
1661,frog
1662,car
1663,car
1664,cat
1665,horse
1666,car
1667,cat
1668,plane
1669,ship
1670,horse
1671,bird
1672,ship
1673,dog
1674,frog
1675,truck
1676,truck
1677,ship
1678,deer
1679,deer
1680,ship
1681,frog
1682,dog
1683,frog
1684,frog
1685,bird
1686,bird
1687,dog
1688,bird
1689,deer
1690,deer
1691,cat
1692,car
1693,cat
1694,dog
1695,ship
1696,plane
1697,car
1698,horse
1699,deer
1700,bird
1701,ship
1702,car
1703,car
1704,horse
1705,horse
1706,cat
1707,horse
1708,truck
1709,dog
1710,truck
1711,cat
1712,truck
1713,cat
1714,car
1715,horse
1716,horse
1717,ship
1718,bird
1719,frog
1720,ship
1721,truck
1722,deer
1723,truck
1724,cat
1725,bird
1726,truck
1727,ship
1728,deer
1729,deer
1730,deer
1731,ship
1732,ship
1733,ship
1734,cat
1735,horse
1736,cat
1737,dog
1738,horse
1739,plane
1740,ship
1741,deer
1742,car
1743,plane
1744,horse
1745,truck
1746,deer
1747,frog
1748,horse
1749,plane
1750,cat
1751,cat
1752,cat
1753,bird
1754,ship
1755,bird
1756,cat
1757,truck
1758,bird
1759,truck
1760,ship
1761,truck
1762,car
1763,car
1764,dog
1765,bird
1766,bird
1767,truck
1768,frog
1769,frog
1770,deer
1771,plane
1772,plane
1773,bird
1774,truck
1775,cat
1776,dog
1777,dog
1778,bird
1779,truck
1780,car
1781,truck
1782,car
1783,truck
1784,car
1785,frog
1786,horse
1787,car
1788,car
1789,car
1790,truck
1791,dog
1792,frog
1793,horse
1794,truck
1795,frog
1796,deer
1797,dog
1798,horse
1799,deer
1800,horse
1801,ship
1802,cat
1803,truck
1804,bird
1805,truck
1806,frog
1807,car
1808,horse
1809,ship
1810,frog
1811,horse
1812,dog
1813,horse
1814,bird
1815,horse
1816,deer
1817,plane
1818,bird
1819,car
1820,truck
1821,bird
1822,horse
1823,car
1824,car
1825,horse
1826,frog
1827,truck
1828,dog
1829,frog
1830,horse
1831,truck
1832,deer
1833,dog
1834,cat
1835,ship
1836,plane
1837,truck
1838,frog
1839,bird
1840,deer
1841,deer
1842,plane
1843,cat
1844,ship
1845,plane
1846,deer
1847,horse
1848,truck
1849,truck
1850,cat
1851,horse
1852,bird
1853,frog
1854,cat
1855,ship
1856,truck
1857,truck
1858,frog
1859,ship
1860,truck
1861,truck
1862,truck
1863,deer
1864,plane
1865,cat
1866,deer
1867,cat
1868,frog
1869,horse
1870,deer
1871,frog
1872,car
1873,car
1874,bird
1875,deer
1876,frog
1877,dog
1878,cat
1879,horse
1880,ship
1881,plane
1882,deer
1883,truck
1884,plane
1885,bird
1886,ship
1887,car
1888,cat
1889,frog
1890,dog
1891,car
1892,horse
1893,deer
1894,truck
1895,deer
1896,deer
1897,dog
1898,car
1899,cat
1900,plane
1901,car
1902,truck
1903,dog
1904,bird
1905,frog
1906,plane
1907,dog
1908,ship
1909,frog
1910,dog
1911,horse
1912,ship
1913,truck
1914,bird
1915,plane
1916,cat
1917,horse
1918,dog
1919,dog
1920,car
1921,ship
1922,bird
1923,truck
1924,bird
1925,dog
1926,bird
1927,truck
1928,car
1929,ship
1930,car
1931,ship
1932,plane
1933,dog
1934,deer
1935,horse
1936,truck
1937,deer
1938,horse
1939,truck
1940,cat
1941,truck
1942,truck
1943,truck
1944,frog
1945,horse
1946,cat
1947,bird
1948,truck
1949,ship
1950,truck
1951,deer
1952,dog
1953,cat
1954,plane
1955,horse
1956,car
1957,truck
1958,frog
1959,horse
1960,frog
1961,cat
1962,deer
1963,cat
1964,car
1965,dog
1966,deer
1967,dog
1968,truck
1969,cat
1970,car
1971,frog
1972,ship
1973,ship
1974,bird
1975,bird
1976,ship
1977,plane
1978,plane
1979,deer
1980,horse
1981,frog
1982,frog
1983,cat
1984,frog
1985,bird
1986,car
1987,frog
1988,horse
1989,truck
1990,horse
1991,deer
1992,cat
1993,cat
1994,ship
1995,deer
1996,car
1997,plane
1998,car
1999,frog
2000,car
2001,deer
2002,car
2003,ship
2004,horse
2005,cat
2006,bird
2007,dog
2008,plane
2009,frog
2010,plane
2011,dog
2012,deer
2013,truck
2014,horse
2015,bird
2016,truck
2017,bird
2018,deer
2019,dog
2020,frog
2021,ship
2022,frog
2023,horse
2024,deer
2025,deer
2026,truck
2027,plane
2028,plane
2029,horse
2030,dog
2031,ship
2032,cat
2033,ship
2034,ship
2035,bird
2036,bird
2037,deer
2038,frog
2039,frog
2040,bird
2041,dog
2042,truck
2043,car
2044,plane
2045,frog
2046,deer
2047,horse
2048,frog
2049,bird
2050,car
2051,deer
2052,dog
2053,deer
2054,bird
2055,frog
2056,truck
2057,car
2058,dog
2059,car
2060,cat
2061,horse
2062,car
2063,deer
2064,horse
2065,truck
2066,bird
2067,frog
2068,dog
2069,frog
2070,dog
2071,frog
2072,car
2073,bird
2074,bird
2075,truck
2076,ship
2077,frog
2078,dog
2079,plane
2080,car
2081,ship
2082,car
2083,car
2084,horse
2085,deer
2086,horse
2087,ship
2088,cat
2089,car
2090,dog
2091,plane
2092,horse
2093,truck
2094,bird
2095,bird
2096,ship
2097,car
2098,car
2099,cat
2100,ship
2101,dog
2102,frog
2103,dog
2104,car
2105,ship
2106,ship
2107,ship
2108,car
2109,ship
2110,truck
2111,truck
2112,bird
2113,car
2114,horse
2115,horse
2116,dog
2117,cat
2118,frog
2119,horse
2120,deer
2121,bird
2122,truck
2123,frog
2124,dog
2125,truck
2126,ship
2127,cat
2128,ship
2129,ship
2130,ship
2131,cat
2132,bird
2133,truck
2134,plane
2135,frog
2136,truck
2137,dog
2138,deer
2139,ship
2140,ship
2141,frog
2142,plane
2143,cat
2144,horse
2145,deer
2146,bird
2147,ship
2148,horse
2149,plane
2150,cat
2151,plane
2152,car
2153,bird
2154,cat
2155,bird
2156,truck
2157,cat
2158,car
2159,truck
2160,frog
2161,horse
2162,plane
2163,horse
2164,deer
2165,truck
2166,cat
2167,car
2168,bird
2169,plane
2170,car
2171,ship
2172,dog
2173,frog
2174,truck
2175,car
2176,frog
2177,bird
2178,dog
2179,deer
2180,ship
2181,deer
2182,ship
2183,dog
2184,plane
2185,dog
2186,car
2187,ship
2188,truck
2189,truck
2190,dog
2191,frog
2192,truck
2193,ship
2194,horse
2195,ship
2196,bird
2197,frog
2198,truck
2199,deer
2200,frog
2201,cat
2202,deer
2203,frog
2204,bird
2205,truck
2206,plane
2207,ship
2208,bird
2209,bird
2210,ship
2211,deer
2212,bird
2213,frog
2214,cat
2215,car
2216,plane
2217,plane
2218,plane
2219,truck
2220,ship
2221,car
2222,bird
2223,frog
2224,bird
2225,plane
2226,truck
2227,car
2228,car
2229,frog
2230,plane
2231,deer
2232,deer
2233,ship
2234,car
2235,frog
2236,bird
2237,ship
2238,horse
2239,bird
2240,plane
2241,truck
2242,car
2243,frog
2244,frog
2245,plane
2246,frog
2247,ship
2248,plane
2249,car
2250,car
2251,bird
2252,ship
2253,deer
2254,truck
2255,frog
2256,dog
2257,ship
2258,bird
2259,truck
2260,car
2261,truck
2262,ship
2263,dog
2264,horse
2265,dog
2266,cat
2267,truck
2268,car
2269,deer
2270,horse
2271,truck
2272,deer
2273,plane
2274,bird
2275,car
2276,plane
2277,deer
2278,dog
2279,dog
2280,deer
2281,truck
2282,cat
2283,bird
2284,frog
2285,dog
2286,deer
2287,ship
2288,ship
2289,truck
2290,horse
2291,dog
2292,truck
2293,frog
2294,horse
2295,horse
2296,frog
2297,dog
2298,bird
2299,plane
2300,cat
2301,cat
2302,car
2303,dog
2304,frog
2305,bird
2306,deer
2307,plane
2308,car
2309,truck
2310,car
2311,plane
2312,frog
2313,plane
2314,frog
2315,horse
2316,horse
2317,car
2318,frog
2319,dog
2320,bird
2321,plane
2322,cat
2323,ship
2324,cat
2325,deer
2326,ship
2327,horse
2328,car
2329,deer
2330,horse
2331,truck
2332,plane
2333,horse
2334,car
2335,frog
2336,bird
2337,dog
2338,ship
2339,frog
2340,ship
2341,deer
2342,ship
2343,dog
2344,car
2345,ship
2346,plane
2347,deer
2348,dog
2349,plane
2350,truck
2351,ship
2352,ship
2353,deer
2354,truck
2355,deer
2356,deer
2357,car
2358,truck
2359,ship
2360,cat
2361,dog
2362,car
2363,ship
2364,dog
2365,dog
2366,frog
2367,deer
2368,car
2369,deer
2370,bird
2371,horse
2372,car
2373,horse
2374,car
2375,car
2376,frog
2377,horse
2378,cat
2379,dog
2380,ship
2381,bird
2382,horse
2383,deer
2384,bird
2385,bird
2386,car
2387,deer
2388,ship
2389,horse
2390,truck
2391,bird
2392,bird
2393,ship
2394,truck
2395,ship
2396,bird
2397,horse
2398,dog
2399,ship
2400,cat
2401,frog
2402,truck
2403,horse
2404,frog
2405,car
2406,truck
2407,deer
2408,frog
2409,horse
2410,bird
2411,frog
2412,dog
2413,horse
2414,dog
2415,ship
2416,ship
2417,ship
2418,truck
2419,frog
2420,frog
2421,car
2422,frog
2423,car
2424,plane
2425,cat
2426,truck
2427,cat
2428,deer
2429,frog
2430,dog
2431,deer
2432,horse
2433,cat
2434,bird
2435,deer
2436,bird
2437,truck
2438,frog
2439,ship
2440,frog
2441,ship
2442,ship
2443,deer
2444,horse
2445,ship
2446,cat
2447,horse
2448,bird
2449,dog
2450,ship
2451,bird
2452,ship
2453,horse
2454,dog
2455,plane
2456,deer
2457,car
2458,horse
2459,ship
2460,plane
2461,deer
2462,horse
2463,ship
2464,bird
2465,frog
2466,car
2467,ship
2468,cat
2469,dog
2470,plane
2471,truck
2472,ship
2473,deer
2474,bird
2475,car
2476,plane
2477,frog
2478,plane
2479,horse
2480,dog
2481,dog
2482,ship
2483,frog
2484,deer
2485,horse
2486,truck
2487,truck
2488,ship
2489,cat
2490,car
2491,ship
2492,frog
2493,ship
2494,dog
2495,ship
2496,dog
2497,frog
2498,ship
2499,truck
2500,frog
2501,deer
2502,bird
2503,frog
2504,plane
2505,truck
2506,truck
2507,plane
2508,car
2509,deer
2510,truck
2511,plane
2512,bird
2513,truck
2514,bird
2515,plane
2516,horse
2517,horse
2518,frog
2519,plane
2520,dog
2521,cat
2522,ship
2523,frog
2524,frog
2525,dog
2526,truck
2527,horse
2528,frog
2529,plane
2530,car
2531,plane
2532,deer
2533,truck
2534,horse
2535,bird
2536,dog
2537,car
2538,horse
2539,dog
2540,plane
2541,truck
2542,truck
2543,deer
2544,car
2545,deer
2546,bird
2547,dog
2548,frog
2549,ship
2550,car
2551,ship
2552,bird
2553,dog
2554,frog
2555,truck
2556,bird
2557,truck
2558,plane
2559,horse
2560,deer
2561,car
2562,dog
2563,car
2564,dog
2565,truck
2566,car
2567,plane
2568,plane
2569,frog
2570,car
2571,frog
2572,car
2573,truck
2574,bird
2575,car
2576,cat
2577,horse
2578,horse
2579,truck
2580,frog
2581,car
2582,ship
2583,plane
2584,ship
2585,cat
2586,car
2587,dog
2588,dog
2589,car
2590,car
2591,plane
2592,horse
2593,plane
2594,deer
2595,cat
2596,ship
2597,truck
2598,dog
2599,truck
2600,ship
2601,truck
2602,car
2603,car
2604,truck
2605,deer
2606,frog
2607,cat
2608,plane
2609,dog
2610,dog
2611,horse
2612,dog
2613,frog
2614,dog
2615,truck
2616,deer
2617,horse
2618,deer
2619,car
2620,dog
2621,deer
2622,deer
2623,truck
2624,cat
2625,bird
2626,dog
2627,frog
2628,ship
2629,plane
2630,truck
2631,cat
2632,horse
2633,dog
2634,car
2635,car
2636,truck
2637,horse
2638,bird
2639,bird
2640,ship
2641,deer
2642,car
2643,cat
2644,car
2645,cat
2646,dog
2647,frog
2648,bird
2649,ship
2650,horse
2651,deer
2652,car
2653,plane
2654,car
2655,horse
2656,ship
2657,deer
2658,plane
2659,cat
2660,frog
2661,truck
2662,truck
2663,car
2664,truck
2665,ship
2666,car
2667,ship
2668,frog
2669,plane
2670,bird
2671,ship
2672,bird
2673,horse
2674,car
2675,bird
2676,frog
2677,frog
2678,truck
2679,deer
2680,frog
2681,plane
2682,cat
2683,car
2684,truck
2685,deer
2686,truck
2687,ship
2688,car
2689,car
2690,truck
2691,plane
2692,frog
2693,car
2694,car
2695,plane
2696,plane
2697,bird
2698,deer
2699,car
2700,plane
2701,dog
2702,deer
2703,plane
2704,cat
2705,frog
2706,cat
2707,truck
2708,car
2709,bird
2710,cat
2711,frog
2712,car
2713,deer
2714,car
2715,plane
2716,cat
2717,truck
2718,ship
2719,horse
2720,ship
2721,ship
2722,dog
2723,dog
2724,car
2725,ship
2726,truck
2727,horse
2728,horse
2729,truck
2730,truck
2731,plane
2732,horse
2733,frog
2734,bird
2735,deer
2736,ship
2737,horse
2738,horse
2739,ship
2740,horse
2741,deer
2742,deer
2743,plane
2744,dog
2745,frog
2746,car
2747,frog
2748,ship
2749,car
2750,car
2751,bird
2752,plane
2753,cat
2754,horse
2755,plane
2756,truck
2757,dog
2758,deer
2759,dog
2760,dog
2761,horse
2762,truck
2763,cat
2764,truck
2765,car
2766,cat
2767,plane
2768,truck
2769,deer
2770,bird
2771,truck
2772,car
2773,horse
2774,car
2775,frog
2776,frog
2777,cat
2778,ship
2779,car
2780,car
2781,frog
2782,frog
2783,horse
2784,frog
2785,frog
2786,ship
2787,cat
2788,truck
2789,bird
2790,frog
2791,dog
2792,horse
2793,dog
2794,horse
2795,horse
2796,dog
2797,deer
2798,horse
2799,deer
2800,plane
2801,bird
2802,truck
2803,car
2804,frog
2805,dog
2806,cat
2807,cat
2808,horse
2809,ship
2810,dog
2811,bird
2812,truck
2813,deer
2814,deer
2815,truck
2816,horse
2817,plane
2818,frog
2819,plane
2820,bird
2821,ship
2822,ship
2823,ship
2824,truck
2825,truck
2826,ship
2827,bird
2828,car
2829,frog
2830,ship
2831,bird
2832,plane
2833,bird
2834,ship
2835,car
2836,frog
2837,horse
2838,dog
2839,car
2840,bird
2841,dog
2842,ship
2843,car
2844,car
2845,truck
2846,car
2847,plane
2848,dog
2849,frog
2850,frog
2851,truck
2852,horse
2853,horse
2854,horse
2855,bird
2856,horse
2857,deer
2858,plane
2859,car
2860,ship
2861,ship
2862,ship
2863,ship
2864,cat
2865,car
2866,cat
2867,deer
2868,cat
2869,ship
2870,deer
2871,truck
2872,ship
2873,frog
2874,frog
2875,deer
2876,car
2877,horse
2878,frog
2879,ship
2880,horse
2881,dog
2882,truck
2883,deer
2884,horse
2885,bird
2886,car
2887,dog
2888,dog
2889,frog
2890,ship
2891,ship
2892,bird
2893,dog
2894,car
2895,cat
2896,car
2897,deer
2898,frog
2899,frog
2900,horse
2901,ship
2902,car
2903,deer
2904,horse
2905,cat
2906,plane
2907,deer
2908,frog
2909,frog
2910,dog
2911,car
2912,plane
2913,truck
2914,cat
2915,truck
2916,ship
2917,horse
2918,plane
2919,truck
2920,plane
2921,frog
2922,frog
2923,car
2924,dog
2925,dog
2926,bird
2927,ship
2928,cat
2929,bird
2930,frog
2931,deer
2932,ship
2933,cat
2934,frog
2935,ship
2936,horse
2937,bird
2938,dog
2939,plane
2940,bird
2941,cat
2942,cat
2943,plane
2944,deer
2945,dog
2946,cat
2947,cat
2948,truck
2949,dog
2950,ship
2951,deer
2952,ship
2953,cat
2954,car
2955,frog
2956,plane
2957,ship
2958,dog
2959,ship
2960,cat
2961,bird
2962,plane
2963,dog
2964,deer
2965,deer
2966,ship
2967,ship
2968,bird
2969,dog
2970,dog
2971,frog
2972,dog
2973,car
2974,cat
2975,ship
2976,deer
2977,frog
2978,frog
2979,truck
2980,ship
2981,horse
2982,deer
2983,car
2984,ship
2985,dog
2986,plane
2987,ship
2988,horse
2989,frog
2990,plane
2991,bird
2992,frog
2993,frog
2994,horse
2995,frog
2996,bird
2997,bird
2998,dog
2999,ship
3000,horse
3001,car
3002,cat
3003,cat
3004,horse
3005,truck
3006,car
3007,cat
3008,horse
3009,deer
3010,car
3011,frog
3012,ship
3013,deer
3014,ship
3015,dog
3016,truck
3017,bird
3018,bird
3019,bird
3020,deer
3021,horse
3022,deer
3023,horse
3024,horse
3025,cat
3026,frog
3027,ship
3028,frog
3029,cat
3030,dog
3031,bird
3032,frog
3033,cat
3034,plane
3035,ship
3036,dog
3037,dog
3038,frog
3039,bird
3040,dog
3041,horse
3042,plane
3043,car
3044,frog
3045,plane
3046,deer
3047,car
3048,ship
3049,plane
3050,horse
3051,bird
3052,plane
3053,bird
3054,horse
3055,ship
3056,car
3057,cat
3058,plane
3059,ship
3060,frog
3061,car
3062,deer
3063,ship
3064,horse
3065,car
3066,frog
3067,cat
3068,bird
3069,bird
3070,cat
3071,ship
3072,truck
3073,car
3074,ship
3075,truck
3076,bird
3077,truck
3078,plane
3079,bird
3080,ship
3081,horse
3082,car
3083,horse
3084,dog
3085,truck
3086,cat
3087,frog
3088,bird
3089,car
3090,frog
3091,truck
3092,car
3093,frog
3094,ship
3095,dog
3096,dog
3097,truck
3098,plane
3099,frog
3100,plane
3101,cat
3102,frog
3103,truck
3104,frog
3105,ship
3106,car
3107,cat
3108,horse
3109,horse
3110,cat
3111,frog
3112,plane
3113,truck
3114,bird
3115,frog
3116,ship
3117,frog
3118,car
3119,frog
3120,truck
3121,truck
3122,dog
3123,ship
3124,deer
3125,car
3126,truck
3127,truck
3128,dog
3129,frog
3130,truck
3131,dog
3132,deer
3133,ship
3134,plane
3135,dog
3136,plane
3137,frog
3138,frog
3139,plane
3140,car
3141,truck
3142,bird
3143,deer
3144,truck
3145,deer
3146,ship
3147,car
3148,plane
3149,truck
3150,bird
3151,truck
3152,frog
3153,bird
3154,deer
3155,horse
3156,truck
3157,deer
3158,plane
3159,deer
3160,cat
3161,ship
3162,car
3163,plane
3164,frog
3165,bird
3166,ship
3167,deer
3168,deer
3169,ship
3170,ship
3171,truck
3172,ship
3173,bird
3174,plane
3175,frog
3176,frog
3177,ship
3178,dog
3179,car
3180,cat
3181,ship
3182,horse
3183,dog
3184,truck
3185,bird
3186,dog
3187,dog
3188,dog
3189,truck
3190,car
3191,truck
3192,deer
3193,ship
3194,cat
3195,cat
3196,cat
3197,deer
3198,truck
3199,bird
3200,car
3201,bird
3202,frog
3203,truck
3204,car
3205,dog
3206,bird
3207,deer
3208,dog
3209,frog
3210,truck
3211,truck
3212,truck
3213,horse
3214,car
3215,bird
3216,dog
3217,deer
3218,plane
3219,horse
3220,ship
3221,dog
3222,deer
3223,horse
3224,frog
3225,horse
3226,bird
3227,cat
3228,plane
3229,deer
3230,truck
3231,car
3232,dog
3233,bird
3234,horse
3235,car
3236,cat
3237,plane
3238,ship
3239,horse
3240,frog
3241,plane
3242,car
3243,horse
3244,truck
3245,frog
3246,frog
3247,car
3248,bird
3249,plane
3250,ship
3251,deer
3252,horse
3253,frog
3254,cat
3255,frog
3256,car
3257,frog
3258,ship
3259,bird
3260,deer
3261,plane
3262,car
3263,ship
3264,deer
3265,bird
3266,dog
3267,plane
3268,plane
3269,frog
3270,dog
3271,car
3272,plane
3273,dog
3274,frog
3275,truck
3276,cat
3277,bird
3278,frog
3279,dog
3280,frog
3281,ship
3282,bird
3283,ship
3284,frog
3285,deer
3286,dog
3287,bird
3288,bird
3289,deer
3290,horse
3291,ship
3292,plane
3293,ship
3294,horse
3295,plane
3296,deer
3297,ship
3298,plane
3299,horse
3300,truck
3301,bird
3302,truck
3303,deer
3304,truck
3305,ship
3306,deer
3307,deer
3308,frog
3309,plane
3310,plane
3311,cat
3312,deer
3313,plane
3314,car
3315,dog
3316,car
3317,truck
3318,cat
3319,deer
3320,car
3321,frog
3322,cat
3323,car
3324,dog
3325,truck
3326,plane
3327,bird
3328,cat
3329,car
3330,horse
3331,dog
3332,bird
3333,bird
3334,bird
3335,car
3336,bird
3337,truck
3338,dog
3339,ship
3340,cat
3341,ship
3342,car
3343,horse
3344,ship
3345,frog
3346,frog
3347,ship
3348,deer
3349,ship
3350,dog
3351,frog
3352,dog
3353,ship
3354,deer
3355,frog
3356,dog
3357,truck
3358,horse
3359,bird
3360,plane
3361,bird
3362,horse
3363,car
3364,car
3365,deer
3366,bird
3367,cat
3368,horse
3369,truck
3370,bird
3371,plane
3372,plane
3373,truck
3374,frog
3375,dog
3376,frog
3377,ship
3378,bird
3379,horse
3380,plane
3381,frog
3382,cat
3383,bird
3384,plane
3385,frog
3386,frog
3387,cat
3388,ship
3389,plane
3390,truck
3391,truck
3392,ship
3393,cat
3394,frog
3395,truck
3396,ship
3397,ship
3398,frog
3399,cat
3400,truck
3401,bird
3402,plane
3403,horse
3404,cat
3405,horse
3406,car
3407,frog
3408,cat
3409,horse
3410,frog
3411,deer
3412,truck
3413,deer
3414,truck
3415,ship
3416,horse
3417,cat
3418,ship
3419,dog
3420,dog
3421,frog
3422,deer
3423,car
3424,deer
3425,plane
3426,car
3427,plane
3428,dog
3429,truck
3430,deer
3431,car
3432,cat
3433,car
3434,ship
3435,car
3436,cat
3437,deer
3438,truck
3439,ship
3440,frog
3441,ship
3442,frog
3443,dog
3444,car
3445,car
3446,truck
3447,car
3448,car
3449,cat
3450,cat
3451,dog
3452,truck
3453,plane
3454,dog
3455,bird
3456,truck
3457,ship
3458,deer
3459,frog
3460,horse
3461,frog
3462,car
3463,frog
3464,ship
3465,plane
3466,car
3467,car
3468,frog
3469,bird
3470,dog
3471,plane
3472,bird
3473,frog
3474,dog
3475,truck
3476,frog
3477,car
3478,car
3479,truck
3480,plane
3481,deer
3482,dog
3483,truck
3484,car
3485,plane
3486,truck
3487,frog
3488,ship
3489,car
3490,plane
3491,car
3492,plane
3493,frog
3494,cat
3495,car
3496,bird
3497,deer
3498,bird
3499,ship
3500,cat
3501,ship
3502,car
3503,plane
3504,horse
3505,dog
3506,frog
3507,ship
3508,cat
3509,truck
3510,deer
3511,cat
3512,bird
3513,dog
3514,ship
3515,deer
3516,horse
3517,deer
3518,deer
3519,deer
3520,frog
3521,car
3522,frog
3523,ship
3524,frog
3525,truck
3526,bird
3527,car
3528,ship
3529,cat
3530,dog
3531,truck
3532,cat
3533,dog
3534,car
3535,plane
3536,frog
3537,truck
3538,cat
3539,horse
3540,frog
3541,car
3542,bird
3543,plane
3544,cat
3545,car
3546,cat
3547,truck
3548,dog
3549,deer
3550,dog
3551,car
3552,horse
3553,car
3554,frog
3555,ship
3556,horse
3557,cat
3558,bird
3559,plane
3560,car
3561,horse
3562,truck
3563,dog
3564,horse
3565,ship
3566,bird
3567,bird
3568,frog
3569,car
3570,frog
3571,horse
3572,car
3573,ship
3574,ship
3575,bird
3576,frog
3577,frog
3578,bird
3579,deer
3580,bird
3581,dog
3582,horse
3583,cat
3584,deer
3585,bird
3586,bird
3587,frog
3588,ship
3589,car
3590,deer
3591,truck
3592,truck
3593,truck
3594,frog
3595,frog
3596,plane
3597,plane
3598,car
3599,car
3600,car
3601,car
3602,bird
3603,car
3604,ship
3605,car
3606,truck
3607,horse
3608,deer
3609,dog
3610,truck
3611,car
3612,truck
3613,cat
3614,bird
3615,deer
3616,plane
3617,deer
3618,dog
3619,horse
3620,ship
3621,plane
3622,bird
3623,deer
3624,ship
3625,frog
3626,frog
3627,ship
3628,horse
3629,frog
3630,horse
3631,horse
3632,dog
3633,plane
3634,deer
3635,car
3636,frog
3637,car
3638,deer
3639,deer
3640,deer
3641,truck
3642,dog
3643,frog
3644,plane
3645,bird
3646,car
3647,plane
3648,car
3649,deer
3650,car
3651,bird
3652,dog
3653,plane
3654,dog
3655,bird
3656,truck
3657,bird
3658,plane
3659,deer
3660,horse
3661,truck
3662,bird
3663,horse
3664,car
3665,deer
3666,horse
3667,frog
3668,plane
3669,bird
3670,ship
3671,car
3672,truck
3673,plane
3674,car
3675,plane
3676,truck
3677,frog
3678,dog
3679,horse
3680,horse
3681,frog
3682,dog
3683,truck
3684,dog
3685,bird
3686,cat
3687,ship
3688,cat
3689,dog
3690,cat
3691,dog
3692,horse
3693,plane
3694,frog
3695,truck
3696,truck
3697,ship
3698,plane
3699,frog
3700,cat
3701,frog
3702,car
3703,frog
3704,horse
3705,bird
3706,dog
3707,deer
3708,bird
3709,deer
3710,truck
3711,horse
3712,car
3713,horse
3714,dog
3715,dog
3716,car
3717,bird
3718,frog
3719,deer
3720,plane
3721,cat
3722,plane
3723,dog
3724,frog
3725,ship
3726,frog
3727,deer
3728,dog
3729,plane
3730,horse
3731,frog
3732,horse
3733,horse
3734,frog
3735,ship
3736,horse
3737,frog
3738,cat
3739,cat
3740,truck
3741,ship
3742,frog
3743,plane
3744,truck
3745,car
3746,plane
3747,frog
3748,cat
3749,dog
3750,frog
3751,horse
3752,ship
3753,deer
3754,plane
3755,deer
3756,ship
3757,car
3758,horse
3759,frog
3760,horse
3761,truck
3762,bird
3763,truck
3764,deer
3765,deer
3766,truck
3767,frog
3768,ship
3769,dog
3770,ship
3771,ship
3772,car
3773,car
3774,cat
3775,ship
3776,car
3777,cat
3778,car
3779,ship
3780,dog
3781,deer
3782,car
3783,bird
3784,frog
3785,truck
3786,deer
3787,car
3788,car
3789,ship
3790,horse
3791,frog
3792,truck
3793,horse
3794,cat
3795,horse
3796,frog
3797,cat
3798,plane
3799,bird
3800,car
3801,ship
3802,horse
3803,ship
3804,car
3805,cat
3806,truck
3807,truck
3808,deer
3809,car
3810,frog
3811,ship
3812,frog
3813,ship
3814,horse
3815,horse
3816,bird
3817,deer
3818,deer
3819,truck
3820,car
3821,plane
3822,dog
3823,car
3824,car
3825,horse
3826,frog
3827,horse
3828,truck
3829,bird
3830,ship
3831,bird
3832,ship
3833,cat
3834,horse
3835,car
3836,truck
3837,truck
3838,bird
3839,deer
3840,horse
3841,car
3842,dog
3843,car
3844,ship
3845,deer
3846,truck
3847,cat
3848,car
3849,car
3850,dog
3851,deer
3852,cat
3853,truck
3854,ship
3855,truck
3856,cat
3857,dog
3858,car
3859,car
3860,truck
3861,deer
3862,bird
3863,truck
3864,deer
3865,horse
3866,deer
3867,bird
3868,plane
3869,bird
3870,truck
3871,ship
3872,dog
3873,plane
3874,ship
3875,plane
3876,dog
3877,dog
3878,dog
3879,frog
3880,horse
3881,bird
3882,bird
3883,truck
3884,truck
3885,bird
3886,ship
3887,truck
3888,horse
3889,bird
3890,car
3891,car
3892,cat
3893,ship
3894,dog
3895,dog
3896,dog
3897,ship
3898,horse
3899,cat
3900,frog
3901,car
3902,deer
3903,bird
3904,ship
3905,car
3906,deer
3907,bird
3908,deer
3909,dog
3910,ship
3911,dog
3912,ship
3913,cat
3914,deer
3915,truck
3916,bird
3917,bird
3918,dog
3919,bird
3920,dog
3921,horse
3922,dog
3923,truck
3924,cat
3925,truck
3926,deer
3927,truck
3928,car
3929,horse
3930,car
3931,cat
3932,bird
3933,dog
3934,car
3935,deer
3936,dog
3937,plane
3938,deer
3939,frog
3940,cat
3941,ship
3942,bird
3943,horse
3944,bird
3945,bird
3946,deer
3947,car
3948,plane
3949,horse
3950,horse
3951,plane
3952,deer
3953,truck
3954,ship
3955,bird
3956,plane
3957,bird
3958,cat
3959,dog
3960,truck
3961,car
3962,deer
3963,horse
3964,dog
3965,plane
3966,ship
3967,horse
3968,car
3969,horse
3970,frog
3971,cat
3972,deer
3973,dog
3974,deer
3975,bird
3976,deer
3977,ship
3978,bird
3979,plane
3980,deer
3981,car
3982,ship
3983,dog
3984,cat
3985,bird
3986,horse
3987,horse
3988,bird
3989,car
3990,ship
3991,plane
3992,ship
3993,plane
3994,bird
3995,truck
3996,truck
3997,plane
3998,horse
3999,ship
4000,deer
4001,deer
4002,plane
4003,dog
4004,cat
4005,horse
4006,frog
4007,car
4008,ship
4009,bird
4010,plane
4011,ship
4012,dog
4013,dog
4014,frog
4015,bird
4016,deer
4017,plane
4018,truck
4019,horse
4020,deer
4021,dog
4022,ship
4023,frog
4024,truck
4025,deer
4026,bird
4027,cat
4028,plane
4029,frog
4030,frog
4031,truck
4032,truck
4033,cat
4034,plane
4035,car
4036,frog
4037,ship
4038,horse
4039,bird
4040,cat
4041,ship
4042,bird
4043,truck
4044,horse
4045,ship
4046,truck
4047,ship
4048,dog
4049,plane
4050,bird
4051,horse
4052,truck
4053,cat
4054,dog
4055,bird
4056,horse
4057,horse
4058,car
4059,truck
4060,frog
4061,cat
4062,cat
4063,plane
4064,car
4065,horse
4066,car
4067,ship
4068,car
4069,plane
4070,horse
4071,truck
4072,dog
4073,frog
4074,dog
4075,truck
4076,deer
4077,dog
4078,cat
4079,horse
4080,horse
4081,horse
4082,horse
4083,ship
4084,truck
4085,frog
4086,truck
4087,ship
4088,car
4089,plane
4090,bird
4091,bird
4092,truck
4093,plane
4094,frog
4095,frog
4096,ship
4097,deer
4098,car
4099,frog
4100,dog
4101,bird
4102,dog
4103,plane
4104,cat
4105,frog
4106,frog
4107,frog
4108,car
4109,dog
4110,cat
4111,ship
4112,dog
4113,frog
4114,horse
4115,horse
4116,frog
4117,car
4118,deer
4119,bird
4120,plane
4121,dog
4122,bird
4123,plane
4124,dog
4125,horse
4126,bird
4127,frog
4128,dog
4129,ship
4130,cat
4131,frog
4132,frog
4133,ship
4134,dog
4135,car
4136,plane
4137,plane
4138,horse
4139,bird
4140,frog
4141,cat
4142,cat
4143,cat
4144,horse
4145,bird
4146,horse
4147,truck
4148,plane
4149,dog
4150,frog
4151,plane
4152,plane
4153,truck
4154,bird
4155,car
4156,bird
4157,dog
4158,horse
4159,frog
4160,deer
4161,car
4162,car
4163,dog
4164,horse
4165,bird
4166,plane
4167,car
4168,plane
4169,ship
4170,bird
4171,truck
4172,horse
4173,car
4174,truck
4175,plane
4176,ship
4177,bird
4178,deer
4179,cat
4180,frog
4181,deer
4182,truck
4183,ship
4184,plane
4185,cat
4186,frog
4187,deer
4188,cat
4189,dog
4190,frog
4191,truck
4192,dog
4193,horse
4194,car
4195,ship
4196,cat
4197,ship
4198,car
4199,truck
4200,cat
4201,frog
4202,plane
4203,car
4204,cat
4205,truck
4206,ship
4207,cat
4208,car
4209,car
4210,car
4211,horse
4212,dog
4213,car
4214,ship
4215,car
4216,ship
4217,bird
4218,truck
4219,bird
4220,truck
4221,bird
4222,horse
4223,deer
4224,frog
4225,horse
4226,bird
4227,truck
4228,frog
4229,ship
4230,cat
4231,ship
4232,plane
4233,frog
4234,frog
4235,horse
4236,ship
4237,truck
4238,dog
4239,frog
4240,deer
4241,car
4242,truck
4243,cat
4244,bird
4245,car
4246,dog
4247,horse
4248,truck
4249,truck
4250,dog
4251,dog
4252,car
4253,bird
4254,horse
4255,frog
4256,plane
4257,frog
4258,ship
4259,bird
4260,deer
4261,dog
4262,ship
4263,ship
4264,bird
4265,car
4266,plane
4267,bird
4268,ship
4269,car
4270,plane
4271,dog
4272,frog
4273,plane
4274,car
4275,cat
4276,bird
4277,plane
4278,truck
4279,truck
4280,frog
4281,cat
4282,car
4283,deer
4284,cat
4285,deer
4286,car
4287,dog
4288,truck
4289,bird
4290,horse
4291,deer
4292,plane
4293,truck
4294,plane
4295,deer
4296,bird
4297,horse
4298,frog
4299,plane
4300,plane
4301,deer
4302,dog
4303,frog
4304,car
4305,bird
4306,car
4307,plane
4308,plane
4309,ship
4310,dog
4311,frog
4312,bird
4313,car
4314,cat
4315,car
4316,cat
4317,truck
4318,horse
4319,ship
4320,cat
4321,bird
4322,plane
4323,car
4324,truck
4325,horse
4326,car
4327,cat
4328,horse
4329,plane
4330,frog
4331,bird
4332,bird
4333,ship
4334,ship
4335,dog
4336,frog
4337,bird
4338,truck
4339,ship
4340,ship
4341,plane
4342,horse
4343,horse
4344,frog
4345,frog
4346,plane
4347,horse
4348,horse
4349,deer
4350,plane
4351,horse
4352,deer
4353,cat
4354,ship
4355,bird
4356,bird
4357,horse
4358,truck
4359,deer
4360,truck
4361,cat
4362,cat
4363,deer
4364,bird
4365,car
4366,bird
4367,truck
4368,deer
4369,car
4370,plane
4371,ship
4372,frog
4373,car
4374,car
4375,ship
4376,frog
4377,cat
4378,deer
4379,ship
4380,horse
4381,cat
4382,truck
4383,cat
4384,car
4385,ship
4386,car
4387,horse
4388,car
4389,bird
4390,horse
4391,truck
4392,car
4393,truck
4394,cat
4395,bird
4396,bird
4397,frog
4398,deer
4399,truck
4400,plane
4401,plane
4402,car
4403,truck
4404,car
4405,dog
4406,cat
4407,horse
4408,frog
4409,cat
4410,cat
4411,ship
4412,dog
4413,frog
4414,truck
4415,ship
4416,dog
4417,frog
4418,deer
4419,car
4420,frog
4421,cat
4422,ship
4423,truck
4424,bird
4425,deer
4426,frog
4427,frog
4428,truck
4429,car
4430,ship
4431,car
4432,frog
4433,ship
4434,horse
4435,deer
4436,car
4437,cat
4438,deer
4439,truck
4440,truck
4441,truck
4442,bird
4443,truck
4444,plane
4445,bird
4446,deer
4447,plane
4448,plane
4449,frog
4450,bird
4451,horse
4452,dog
4453,plane
4454,bird
4455,cat
4456,cat
4457,cat
4458,dog
4459,frog
4460,deer
4461,deer
4462,ship
4463,dog
4464,cat
4465,truck
4466,dog
4467,dog
4468,horse
4469,frog
4470,deer
4471,horse
4472,cat
4473,deer
4474,cat
4475,plane
4476,cat
4477,truck
4478,cat
4479,ship
4480,plane
4481,cat
4482,car
4483,plane
4484,deer
4485,dog
4486,bird
4487,car
4488,truck
4489,dog
4490,frog
4491,frog
4492,dog
4493,plane
4494,ship
4495,dog
4496,cat
4497,deer
4498,horse
4499,truck
4500,car
4501,plane
4502,bird
4503,truck
4504,car
4505,cat
4506,dog
4507,dog
4508,car
4509,truck
4510,bird
4511,deer
4512,ship
4513,bird
4514,cat
4515,frog
4516,ship
4517,truck
4518,plane
4519,cat
4520,plane
4521,ship
4522,deer
4523,dog
4524,car
4525,cat
4526,bird
4527,car
4528,car
4529,deer
4530,frog
4531,ship
4532,deer
4533,dog
4534,deer
4535,ship
4536,bird
4537,car
4538,deer
4539,deer
4540,ship
4541,car
4542,dog
4543,bird
4544,bird
4545,cat
4546,bird
4547,truck
4548,truck
4549,bird
4550,horse
4551,deer
4552,truck
4553,ship
4554,cat
4555,frog
4556,dog
4557,plane
4558,bird
4559,deer
4560,ship
4561,deer
4562,truck
4563,truck
4564,ship
4565,ship
4566,truck
4567,bird
4568,deer
4569,bird
4570,deer
4571,frog
4572,plane
4573,ship
4574,truck
4575,bird
4576,frog
4577,car
4578,horse
4579,ship
4580,ship
4581,plane
4582,frog
4583,horse
4584,horse
4585,car
4586,truck
4587,bird
4588,ship
4589,deer
4590,truck
4591,frog
4592,truck
4593,car
4594,truck
4595,ship
4596,ship
4597,deer
4598,truck
4599,truck
4600,bird
4601,horse
4602,car
4603,car
4604,car
4605,ship
4606,cat
4607,frog
4608,horse
4609,frog
4610,ship
4611,horse
4612,frog
4613,truck
4614,truck
4615,car
4616,bird
4617,dog
4618,cat
4619,horse
4620,truck
4621,frog
4622,car
4623,frog
4624,frog
4625,frog
4626,deer
4627,truck
4628,cat
4629,ship
4630,frog
4631,dog
4632,ship
4633,bird
4634,truck
4635,cat
4636,deer
4637,car
4638,plane
4639,horse
4640,horse
4641,truck
4642,frog
4643,dog
4644,horse
4645,cat
4646,dog
4647,frog
4648,deer
4649,bird
4650,car
4651,truck
4652,frog
4653,bird
4654,frog
4655,dog
4656,horse
4657,deer
4658,truck
4659,frog
4660,cat
4661,plane
4662,dog
4663,bird
4664,car
4665,dog
4666,plane
4667,ship
4668,truck
4669,truck
4670,bird
4671,plane
4672,frog
4673,frog
4674,horse
4675,frog
4676,plane
4677,deer
4678,cat
4679,dog
4680,horse
4681,ship
4682,car
4683,bird
4684,truck
4685,bird
4686,ship
4687,deer
4688,ship
4689,dog
4690,cat
4691,truck
4692,truck
4693,cat
4694,horse
4695,dog
4696,frog
4697,bird
4698,frog
4699,horse
4700,plane
4701,dog
4702,dog
4703,deer
4704,bird
4705,ship
4706,bird
4707,car
4708,ship
4709,ship
4710,cat
4711,cat
4712,cat
4713,car
4714,deer
4715,horse
4716,ship
4717,cat
4718,ship
4719,deer
4720,horse
4721,car
4722,frog
4723,deer
4724,horse
4725,ship
4726,plane
4727,car
4728,frog
4729,dog
4730,car
4731,deer
4732,frog
4733,frog
4734,ship
4735,cat
4736,car
4737,frog
4738,ship
4739,car
4740,dog
4741,bird
4742,ship
4743,bird
4744,car
4745,truck
4746,truck
4747,deer
4748,truck
4749,ship
4750,plane
4751,frog
4752,cat
4753,bird
4754,car
4755,ship
4756,horse
4757,bird
4758,cat
4759,car
4760,horse
4761,ship
4762,car
4763,deer
4764,cat
4765,car
4766,frog
4767,car
4768,frog
4769,frog
4770,frog
4771,ship
4772,truck
4773,horse
4774,car
4775,cat
4776,dog
4777,frog
4778,frog
4779,car
4780,plane
4781,frog
4782,truck
4783,deer
4784,frog
4785,deer
4786,frog
4787,frog
4788,bird
4789,truck
4790,truck
4791,plane
4792,plane
4793,plane
4794,truck
4795,ship
4796,car
4797,car
4798,bird
4799,cat
4800,dog
4801,cat
4802,frog
4803,car
4804,plane
4805,dog
4806,plane
4807,frog
4808,car
4809,car
4810,frog
4811,bird
4812,truck
4813,dog
4814,horse
4815,dog
4816,cat
4817,deer
4818,horse
4819,cat
4820,truck
4821,cat
4822,deer
4823,bird
4824,frog
4825,plane
4826,ship
4827,ship
4828,cat
4829,frog
4830,frog
4831,bird
4832,truck
4833,plane
4834,frog
4835,dog
4836,horse
4837,ship
4838,dog
4839,truck
4840,frog
4841,cat
4842,truck
4843,truck
4844,frog
4845,bird
4846,frog
4847,truck
4848,plane
4849,deer
4850,ship
4851,dog
4852,dog
4853,plane
4854,ship
4855,cat
4856,bird
4857,ship
4858,plane
4859,ship
4860,dog
4861,ship
4862,bird
4863,truck
4864,bird
4865,car
4866,plane
4867,bird
4868,horse
4869,car
4870,cat
4871,car
4872,frog
4873,cat
4874,ship
4875,deer
4876,plane
4877,car
4878,deer
4879,horse
4880,dog
4881,dog
4882,plane
4883,dog
4884,frog
4885,frog
4886,cat
4887,truck
4888,horse
4889,frog
4890,deer
4891,deer
4892,car
4893,horse
4894,car
4895,deer
4896,bird
4897,car
4898,car
4899,cat
4900,plane
4901,car
4902,frog
4903,cat
4904,car
4905,bird
4906,dog
4907,horse
4908,truck
4909,deer
4910,cat
4911,cat
4912,deer
4913,deer
4914,car
4915,truck
4916,dog
4917,frog
4918,plane
4919,dog
4920,plane
4921,ship
4922,dog
4923,frog
4924,plane
4925,truck
4926,car
4927,horse
4928,bird
4929,ship
4930,ship
4931,deer
4932,cat
4933,dog
4934,horse
4935,dog
4936,dog
4937,frog
4938,deer
4939,frog
4940,truck
4941,frog
4942,dog
4943,horse
4944,car
4945,cat
4946,deer
4947,dog
4948,dog
4949,bird
4950,bird
4951,frog
4952,truck
4953,cat
4954,horse
4955,cat
4956,cat
4957,horse
4958,car
4959,frog
4960,plane
4961,ship
4962,horse
4963,ship
4964,ship
4965,ship
4966,cat
4967,horse
4968,ship
4969,car
4970,truck
4971,cat
4972,bird
4973,plane
4974,deer
4975,truck
4976,deer
4977,bird
4978,deer
4979,car
4980,truck
4981,frog
4982,plane
4983,plane
4984,horse
4985,ship
4986,ship
4987,dog
4988,deer
4989,truck
4990,truck
4991,ship
4992,frog
4993,horse
4994,dog
4995,frog
4996,bird
4997,frog
4998,plane
4999,horse
5000,deer
5001,frog
5002,horse
5003,cat
5004,horse
5005,deer
5006,truck
5007,horse
5008,plane
5009,bird
5010,car
5011,bird
5012,frog
5013,car
5014,horse
5015,horse
5016,truck
5017,horse
5018,cat
5019,truck
5020,plane
5021,truck
5022,ship
5023,deer
5024,dog
5025,ship
5026,deer
5027,deer
5028,cat
5029,deer
5030,truck
5031,ship
5032,frog
5033,car
5034,ship
5035,horse
5036,ship
5037,car
5038,ship
5039,dog
5040,cat
5041,frog
5042,bird
5043,ship
5044,cat
5045,horse
5046,truck
5047,dog
5048,deer
5049,bird
5050,truck
5051,bird
5052,car
5053,bird
5054,frog
5055,ship
5056,ship
5057,plane
5058,ship
5059,car
5060,cat
5061,car
5062,horse
5063,ship
5064,deer
5065,deer
5066,frog
5067,ship
5068,frog
5069,ship
5070,bird
5071,horse
5072,truck
5073,horse
5074,horse
5075,plane
5076,deer
5077,plane
5078,ship
5079,bird
5080,bird
5081,ship
5082,horse
5083,frog
5084,car
5085,deer
5086,plane
5087,car
5088,ship
5089,ship
5090,ship
5091,frog
5092,car
5093,truck
5094,deer
5095,plane
5096,frog
5097,plane
5098,plane
5099,truck
5100,ship
5101,truck
5102,ship
5103,car
5104,ship
5105,horse
5106,horse
5107,cat
5108,deer
5109,deer
5110,car
5111,horse
5112,cat
5113,truck
5114,dog
5115,plane
5116,plane
5117,truck
5118,ship
5119,deer
5120,plane
5121,bird
5122,frog
5123,car
5124,ship
5125,ship
5126,ship
5127,horse
5128,truck
5129,truck
5130,ship
5131,truck
5132,frog
5133,car
5134,horse
5135,car
5136,horse
5137,horse
5138,car
5139,horse
5140,car
5141,cat
5142,deer
5143,dog
5144,truck
5145,plane
5146,frog
5147,plane
5148,truck
5149,truck
5150,horse
5151,bird
5152,plane
5153,car
5154,car
5155,ship
5156,deer
5157,bird
5158,car
5159,truck
5160,car
5161,car
5162,horse
5163,car
5164,ship
5165,ship
5166,cat
5167,bird
5168,horse
5169,car
5170,frog
5171,bird
5172,frog
5173,frog
5174,bird
5175,frog
5176,horse
5177,truck
5178,ship
5179,car
5180,horse
5181,dog
5182,deer
5183,cat
5184,horse
5185,deer
5186,deer
5187,car
5188,plane
5189,ship
5190,car
5191,truck
5192,car
5193,cat
5194,dog
5195,car
5196,dog
5197,frog
5198,deer
5199,plane
5200,plane
5201,ship
5202,dog
5203,horse
5204,plane
5205,frog
5206,dog
5207,frog
5208,cat
5209,horse
5210,deer
5211,bird
5212,truck
5213,truck
5214,frog
5215,plane
5216,cat
5217,truck
5218,truck
5219,dog
5220,ship
5221,horse
5222,truck
5223,ship
5224,truck
5225,car
5226,bird
5227,bird
5228,car
5229,deer
5230,frog
5231,dog
5232,frog
5233,horse
5234,car
5235,car
5236,plane
5237,plane
5238,frog
5239,plane
5240,truck
5241,bird
5242,cat
5243,deer
5244,cat
5245,truck
5246,dog
5247,bird
5248,plane
5249,ship
5250,dog
5251,bird
5252,car
5253,deer
5254,truck
5255,horse
5256,car
5257,plane
5258,deer
5259,horse
5260,cat
5261,plane
5262,plane
5263,car
5264,dog
5265,ship
5266,horse
5267,bird
5268,frog
5269,dog
5270,frog
5271,bird
5272,deer
5273,frog
5274,ship
5275,deer
5276,dog
5277,frog
5278,plane
5279,horse
5280,cat
5281,bird
5282,plane
5283,deer
5284,dog
5285,truck
5286,plane
5287,horse
5288,cat
5289,frog
5290,deer
5291,truck
5292,cat
5293,deer
5294,truck
5295,deer
5296,frog
5297,cat
5298,deer
5299,truck
5300,cat
5301,dog
5302,truck
5303,ship
5304,bird
5305,deer
5306,deer
5307,bird
5308,plane
5309,plane
5310,frog
5311,bird
5312,horse
5313,frog
5314,car
5315,plane
5316,car
5317,plane
5318,horse
5319,ship
5320,car
5321,truck
5322,dog
5323,truck
5324,ship
5325,cat
5326,bird
5327,horse
5328,ship
5329,plane
5330,ship
5331,bird
5332,car
5333,car
5334,dog
5335,dog
5336,frog
5337,dog
5338,ship
5339,ship
5340,ship
5341,ship
5342,car
5343,horse
5344,cat
5345,dog
5346,cat
5347,car
5348,plane
5349,truck
5350,plane
5351,truck
5352,truck
5353,ship
5354,cat
5355,truck
5356,horse
5357,truck
5358,bird
5359,dog
5360,bird
5361,ship
5362,dog
5363,horse
5364,cat
5365,bird
5366,dog
5367,bird
5368,bird
5369,bird
5370,cat
5371,dog
5372,plane
5373,deer
5374,deer
5375,car
5376,ship
5377,plane
5378,dog
5379,horse
5380,bird
5381,ship
5382,truck
5383,ship
5384,car
5385,car
5386,car
5387,ship
5388,truck
5389,cat
5390,truck
5391,cat
5392,dog
5393,plane
5394,car
5395,car
5396,ship
5397,horse
5398,bird
5399,horse
5400,car
5401,plane
5402,truck
5403,deer
5404,bird
5405,bird
5406,car
5407,frog
5408,bird
5409,car
5410,truck
5411,truck
5412,plane
5413,deer
5414,ship
5415,truck
5416,truck
5417,plane
5418,bird
5419,ship
5420,ship
5421,frog
5422,ship
5423,car
5424,cat
5425,truck
5426,bird
5427,dog
5428,car
5429,ship
5430,car
5431,truck
5432,dog
5433,bird
5434,dog
5435,truck
5436,deer
5437,horse
5438,ship
5439,ship
5440,car
5441,plane
5442,horse
5443,truck
5444,frog
5445,deer
5446,frog
5447,plane
5448,cat
5449,cat
5450,truck
5451,truck
5452,car
5453,deer
5454,truck
5455,car
5456,bird
5457,dog
5458,horse
5459,horse
5460,car
5461,truck
5462,dog
5463,cat
5464,plane
5465,ship
5466,plane
5467,plane
5468,cat
5469,truck
5470,frog
5471,deer
5472,cat
5473,deer
5474,frog
5475,ship
5476,ship
5477,bird
5478,deer
5479,ship
5480,frog
5481,cat
5482,cat
5483,car
5484,plane
5485,ship
5486,horse
5487,plane
5488,frog
5489,truck
5490,plane
5491,car
5492,deer
5493,truck
5494,ship
5495,ship
5496,deer
5497,plane
5498,ship
5499,dog
5500,plane
5501,cat
5502,truck
5503,truck
5504,bird
5505,car
5506,ship
5507,truck
5508,ship
5509,frog
5510,cat
5511,car
5512,horse
5513,deer
5514,frog
5515,frog
5516,frog
5517,plane
5518,frog
5519,deer
5520,ship
5521,horse
5522,car
5523,deer
5524,dog
5525,ship
5526,bird
5527,horse
5528,truck
5529,car
5530,deer
5531,truck
5532,ship
5533,car
5534,ship
5535,car
5536,frog
5537,dog
5538,truck
5539,plane
5540,frog
5541,car
5542,truck
5543,dog
5544,frog
5545,ship
5546,plane
5547,bird
5548,horse
5549,frog
5550,horse
5551,truck
5552,plane
5553,horse
5554,dog
5555,plane
5556,horse
5557,plane
5558,deer
5559,bird
5560,deer
5561,bird
5562,bird
5563,bird
5564,ship
5565,bird
5566,ship
5567,bird
5568,frog
5569,dog
5570,plane
5571,truck
5572,horse
5573,car
5574,car
5575,truck
5576,ship
5577,horse
5578,cat
5579,frog
5580,bird
5581,frog
5582,cat
5583,truck
5584,truck
5585,truck
5586,car
5587,frog
5588,dog
5589,bird
5590,deer
5591,frog
5592,truck
5593,deer
5594,cat
5595,horse
5596,car
5597,car
5598,dog
5599,dog
5600,ship
5601,cat
5602,ship
5603,car
5604,dog
5605,bird
5606,cat
5607,truck
5608,deer
5609,bird
5610,cat
5611,cat
5612,horse
5613,ship
5614,cat
5615,cat
5616,plane
5617,horse
5618,dog
5619,plane
5620,dog
5621,bird
5622,deer
5623,plane
5624,dog
5625,bird
5626,dog
5627,bird
5628,frog
5629,horse
5630,truck
5631,bird
5632,car
5633,frog
5634,truck
5635,plane
5636,bird
5637,truck
5638,deer
5639,truck
5640,cat
5641,bird
5642,cat
5643,car
5644,cat
5645,cat
5646,ship
5647,dog
5648,plane
5649,ship
5650,ship
5651,ship
5652,frog
5653,truck
5654,frog
5655,frog
5656,plane
5657,ship
5658,frog
5659,cat
5660,cat
5661,ship
5662,deer
5663,plane
5664,frog
5665,truck
5666,cat
5667,plane
5668,horse
5669,car
5670,plane
5671,frog
5672,frog
5673,bird
5674,dog
5675,deer
5676,horse
5677,frog
5678,plane
5679,car
5680,cat
5681,frog
5682,frog
5683,dog
5684,horse
5685,bird
5686,ship
5687,car
5688,frog
5689,dog
5690,frog
5691,plane
5692,deer
5693,horse
5694,frog
5695,horse
5696,frog
5697,truck
5698,deer
5699,plane
5700,dog
5701,deer
5702,car
5703,frog
5704,truck
5705,frog
5706,bird
5707,horse
5708,horse
5709,truck
5710,bird
5711,bird
5712,horse
5713,truck
5714,frog
5715,car
5716,truck
5717,cat
5718,deer
5719,truck
5720,dog
5721,ship
5722,cat
5723,frog
5724,deer
5725,truck
5726,frog
5727,frog
5728,truck
5729,frog
5730,frog
5731,plane
5732,cat
5733,car
5734,car
5735,horse
5736,dog
5737,car
5738,ship
5739,ship
5740,truck
5741,bird
5742,ship
5743,ship
5744,cat
5745,frog
5746,car
5747,frog
5748,truck
5749,dog
5750,dog
5751,frog
5752,truck
5753,frog
5754,car
5755,plane
5756,car
5757,ship
5758,horse
5759,deer
5760,dog
5761,dog
5762,dog
5763,dog
5764,truck
5765,plane
5766,car
5767,frog
5768,cat
5769,frog
5770,frog
5771,car
5772,ship
5773,bird
5774,frog
5775,horse
5776,truck
5777,horse
5778,frog
5779,horse
5780,bird
5781,truck
5782,dog
5783,horse
5784,bird
5785,ship
5786,car
5787,bird
5788,deer
5789,deer
5790,ship
5791,deer
5792,bird
5793,cat
5794,car
5795,bird
5796,frog
5797,bird
5798,deer
5799,deer
5800,bird
5801,deer
5802,truck
5803,frog
5804,ship
5805,plane
5806,deer
5807,dog
5808,bird
5809,horse
5810,ship
5811,plane
5812,ship
5813,car
5814,car
5815,cat
5816,truck
5817,plane
5818,plane
5819,ship
5820,car
5821,bird
5822,cat
5823,ship
5824,frog
5825,ship
5826,frog
5827,truck
5828,cat
5829,frog
5830,cat
5831,dog
5832,frog
5833,plane
5834,deer
5835,deer
5836,dog
5837,cat
5838,frog
5839,ship
5840,truck
5841,horse
5842,cat
5843,car
5844,horse
5845,truck
5846,truck
5847,cat
5848,frog
5849,cat
5850,plane
5851,plane
5852,cat
5853,dog
5854,horse
5855,car
5856,cat
5857,car
5858,deer
5859,frog
5860,ship
5861,truck
5862,plane
5863,truck
5864,horse
5865,deer
5866,plane
5867,plane
5868,frog
5869,plane
5870,truck
5871,car
5872,truck
5873,car
5874,car
5875,frog
5876,frog
5877,dog
5878,plane
5879,car
5880,car
5881,horse
5882,cat
5883,horse
5884,deer
5885,plane
5886,bird
5887,dog
5888,cat
5889,ship
5890,truck
5891,plane
5892,frog
5893,plane
5894,ship
5895,deer
5896,frog
5897,frog
5898,frog
5899,horse
5900,ship
5901,plane
5902,ship
5903,deer
5904,ship
5905,dog
5906,horse
5907,truck
5908,dog
5909,frog
5910,plane
5911,car
5912,plane
5913,car
5914,bird
5915,deer
5916,ship
5917,horse
5918,horse
5919,bird
5920,plane
5921,deer
5922,dog
5923,car
5924,car
5925,frog
5926,truck
5927,bird
5928,cat
5929,cat
5930,bird
5931,ship
5932,horse
5933,deer
5934,frog
5935,frog
5936,car
5937,car
5938,ship
5939,dog
5940,ship
5941,deer
5942,bird
5943,bird
5944,car
5945,horse
5946,ship
5947,horse
5948,bird
5949,truck
5950,cat
5951,bird
5952,ship
5953,frog
5954,horse
5955,bird
5956,deer
5957,cat
5958,ship
5959,deer
5960,bird
5961,truck
5962,frog
5963,frog
5964,ship
5965,car
5966,horse
5967,cat
5968,frog
5969,ship
5970,truck
5971,car
5972,deer
5973,car
5974,ship
5975,horse
5976,bird
5977,truck
5978,car
5979,ship
5980,dog
5981,bird
5982,truck
5983,dog
5984,horse
5985,dog
5986,car
5987,car
5988,bird
5989,ship
5990,plane
5991,cat
5992,dog
5993,ship
5994,dog
5995,frog
5996,car
5997,bird
5998,frog
5999,frog
6000,horse
6001,car
6002,cat
6003,horse
6004,bird
6005,bird
6006,car
6007,car
6008,deer
6009,dog
6010,deer
6011,cat
6012,ship
6013,frog
6014,car
6015,plane
6016,dog
6017,deer
6018,cat
6019,bird
6020,plane
6021,cat
6022,frog
6023,frog
6024,deer
6025,deer
6026,horse
6027,ship
6028,car
6029,plane
6030,horse
6031,bird
6032,bird
6033,deer
6034,cat
6035,dog
6036,deer
6037,car
6038,frog
6039,ship
6040,ship
6041,frog
6042,deer
6043,bird
6044,dog
6045,ship
6046,truck
6047,truck
6048,frog
6049,car
6050,truck
6051,truck
6052,bird
6053,cat
6054,frog
6055,horse
6056,horse
6057,deer
6058,car
6059,car
6060,dog
6061,horse
6062,plane
6063,truck
6064,plane
6065,truck
6066,cat
6067,horse
6068,deer
6069,frog
6070,frog
6071,frog
6072,frog
6073,bird
6074,frog
6075,frog
6076,frog
6077,cat
6078,truck
6079,plane
6080,horse
6081,dog
6082,dog
6083,dog
6084,dog
6085,frog
6086,ship
6087,cat
6088,truck
6089,bird
6090,truck
6091,plane
6092,dog
6093,deer
6094,plane
6095,ship
6096,bird
6097,car
6098,truck
6099,plane
6100,truck
6101,frog
6102,deer
6103,horse
6104,bird
6105,frog
6106,plane
6107,truck
6108,dog
6109,frog
6110,horse
6111,plane
6112,deer
6113,bird
6114,dog
6115,ship
6116,truck
6117,ship
6118,truck
6119,frog
6120,dog
6121,car
6122,bird
6123,bird
6124,truck
6125,deer
6126,cat
6127,ship
6128,deer
6129,bird
6130,truck
6131,car
6132,ship
6133,bird
6134,dog
6135,ship
6136,dog
6137,plane
6138,horse
6139,frog
6140,cat
6141,ship
6142,car
6143,dog
6144,dog
6145,frog
6146,deer
6147,bird
6148,deer
6149,bird
6150,car
6151,truck
6152,ship
6153,car
6154,ship
6155,dog
6156,car
6157,dog
6158,horse
6159,bird
6160,deer
6161,car
6162,bird
6163,horse
6164,cat
6165,car
6166,ship
6167,ship
6168,cat
6169,ship
6170,truck
6171,frog
6172,bird
6173,frog
6174,ship
6175,bird
6176,car
6177,bird
6178,bird
6179,bird
6180,cat
6181,horse
6182,horse
6183,horse
6184,ship
6185,dog
6186,bird
6187,bird
6188,ship
6189,truck
6190,ship
6191,horse
6192,frog
6193,truck
6194,dog
6195,dog
6196,bird
6197,cat
6198,truck
6199,plane
6200,frog
6201,cat
6202,cat
6203,truck
6204,ship
6205,truck
6206,dog
6207,bird
6208,bird
6209,dog
6210,ship
6211,plane
6212,cat
6213,bird
6214,horse
6215,car
6216,ship
6217,cat
6218,truck
6219,dog
6220,cat
6221,dog
6222,frog
6223,car
6224,plane
6225,truck
6226,dog
6227,dog
6228,bird
6229,car
6230,plane
6231,car
6232,cat
6233,deer
6234,plane
6235,bird
6236,bird
6237,plane
6238,ship
6239,frog
6240,dog
6241,ship
6242,cat
6243,truck
6244,car
6245,deer
6246,cat
6247,plane
6248,dog
6249,frog
6250,horse
6251,truck
6252,truck
6253,truck
6254,plane
6255,deer
6256,car
6257,bird
6258,car
6259,deer
6260,truck
6261,deer
6262,car
6263,plane
6264,car
6265,frog
6266,car
6267,truck
6268,dog
6269,horse
6270,deer
6271,horse
6272,bird
6273,horse
6274,truck
6275,car
6276,horse
6277,truck
6278,car
6279,cat
6280,truck
6281,frog
6282,frog
6283,cat
6284,horse
6285,cat
6286,truck
6287,frog
6288,frog
6289,car
6290,frog
6291,car
6292,dog
6293,car
6294,truck
6295,frog
6296,ship
6297,truck
6298,frog
6299,bird
6300,car
6301,ship
6302,dog
6303,bird
6304,plane
6305,frog
6306,truck
6307,car
6308,horse
6309,truck
6310,horse
6311,deer
6312,bird
6313,ship
6314,deer
6315,car
6316,car
6317,ship
6318,car
6319,car
6320,frog
6321,frog
6322,ship
6323,dog
6324,cat
6325,horse
6326,car
6327,car
6328,dog
6329,horse
6330,bird
6331,dog
6332,truck
6333,deer
6334,car
6335,horse
6336,deer
6337,dog
6338,deer
6339,horse
6340,plane
6341,horse
6342,deer
6343,frog
6344,ship
6345,ship
6346,horse
6347,bird
6348,horse
6349,ship
6350,bird
6351,bird
6352,plane
6353,car
6354,cat
6355,plane
6356,car
6357,frog
6358,car
6359,horse
6360,horse
6361,bird
6362,car
6363,truck
6364,ship
6365,car
6366,car
6367,plane
6368,cat
6369,ship
6370,horse
6371,car
6372,frog
6373,dog
6374,truck
6375,cat
6376,frog
6377,frog
6378,plane
6379,frog
6380,car
6381,frog
6382,bird
6383,bird
6384,deer
6385,dog
6386,bird
6387,dog
6388,frog
6389,ship
6390,bird
6391,ship
6392,truck
6393,deer
6394,truck
6395,horse
6396,cat
6397,horse
6398,ship
6399,plane
6400,horse
6401,ship
6402,bird
6403,cat
6404,car
6405,horse
6406,frog
6407,cat
6408,horse
6409,truck
6410,plane
6411,bird
6412,car
6413,truck
6414,dog
6415,bird
6416,truck
6417,car
6418,truck
6419,frog
6420,dog
6421,cat
6422,frog
6423,car
6424,deer
6425,frog
6426,bird
6427,horse
6428,horse
6429,horse
6430,ship
6431,frog
6432,deer
6433,ship
6434,cat
6435,dog
6436,frog
6437,deer
6438,frog
6439,car
6440,truck
6441,deer
6442,cat
6443,horse
6444,horse
6445,cat
6446,cat
6447,bird
6448,deer
6449,ship
6450,ship
6451,ship
6452,deer
6453,deer
6454,deer
6455,dog
6456,dog
6457,cat
6458,frog
6459,deer
6460,dog
6461,car
6462,car
6463,car
6464,car
6465,deer
6466,frog
6467,ship
6468,frog
6469,car
6470,deer
6471,bird
6472,car
6473,car
6474,deer
6475,plane
6476,deer
6477,bird
6478,deer
6479,ship
6480,car
6481,plane
6482,truck
6483,bird
6484,truck
6485,horse
6486,frog
6487,dog
6488,bird
6489,plane
6490,bird
6491,deer
6492,horse
6493,deer
6494,truck
6495,ship
6496,bird
6497,deer
6498,frog
6499,horse
6500,horse
6501,dog
6502,car
6503,dog
6504,deer
6505,truck
6506,truck
6507,horse
6508,ship
6509,ship
6510,car
6511,dog
6512,car
6513,dog
6514,plane
6515,ship
6516,truck
6517,deer
6518,deer
6519,plane
6520,truck
6521,ship
6522,truck
6523,dog
6524,frog
6525,ship
6526,bird
6527,plane
6528,ship
6529,truck
6530,bird
6531,car
6532,ship
6533,bird
6534,cat
6535,car
6536,truck
6537,plane
6538,frog
6539,truck
6540,car
6541,cat
6542,cat
6543,truck
6544,dog
6545,ship
6546,horse
6547,plane
6548,dog
6549,dog
6550,plane
6551,deer
6552,ship
6553,deer
6554,truck
6555,bird
6556,dog
6557,bird
6558,ship
6559,truck
6560,frog
6561,ship
6562,dog
6563,cat
6564,ship
6565,frog
6566,frog
6567,frog
6568,cat
6569,frog
6570,car
6571,bird
6572,plane
6573,frog
6574,plane
6575,bird
6576,car
6577,truck
6578,car
6579,cat
6580,bird
6581,ship
6582,truck
6583,deer
6584,truck
6585,dog
6586,car
6587,ship
6588,deer
6589,truck
6590,plane
6591,dog
6592,plane
6593,truck
6594,dog
6595,dog
6596,cat
6597,bird
6598,truck
6599,ship
6600,car
6601,truck
6602,ship
6603,plane
6604,frog
6605,bird
6606,bird
6607,plane
6608,deer
6609,dog
6610,ship
6611,bird
6612,ship
6613,frog
6614,truck
6615,car
6616,bird
6617,frog
6618,ship
6619,horse
6620,cat
6621,frog
6622,bird
6623,deer
6624,truck
6625,horse
6626,horse
6627,horse
6628,ship
6629,horse
6630,bird
6631,bird
6632,ship
6633,frog
6634,bird
6635,dog
6636,plane
6637,bird
6638,horse
6639,dog
6640,horse
6641,plane
6642,frog
6643,frog
6644,frog
6645,bird
6646,bird
6647,truck
6648,ship
6649,plane
6650,frog
6651,car
6652,plane
6653,deer
6654,truck
6655,truck
6656,horse
6657,car
6658,dog
6659,dog
6660,truck
6661,deer
6662,horse
6663,frog
6664,frog
6665,cat
6666,ship
6667,bird
6668,car
6669,ship
6670,dog
6671,bird
6672,dog
6673,car
6674,ship
6675,frog
6676,deer
6677,ship
6678,truck
6679,ship
6680,dog
6681,bird
6682,bird
6683,dog
6684,deer
6685,car
6686,frog
6687,cat
6688,car
6689,ship
6690,deer
6691,bird
6692,truck
6693,truck
6694,deer
6695,deer
6696,dog
6697,cat
6698,ship
6699,ship
6700,horse
6701,plane
6702,frog
6703,dog
6704,plane
6705,bird
6706,ship
6707,frog
6708,horse
6709,plane
6710,plane
6711,plane
6712,deer
6713,bird
6714,bird
6715,car
6716,bird
6717,frog
6718,car
6719,dog
6720,horse
6721,bird
6722,ship
6723,ship
6724,horse
6725,horse
6726,bird
6727,bird
6728,ship
6729,deer
6730,truck
6731,car
6732,car
6733,car
6734,deer
6735,truck
6736,horse
6737,bird
6738,dog
6739,cat
6740,dog
6741,ship
6742,car
6743,deer
6744,ship
6745,plane
6746,deer
6747,horse
6748,horse
6749,dog
6750,horse
6751,dog
6752,plane
6753,deer
6754,horse
6755,ship
6756,frog
6757,truck
6758,car
6759,cat
6760,ship
6761,plane
6762,ship
6763,plane
6764,bird
6765,deer
6766,horse
6767,horse
6768,frog
6769,cat
6770,ship
6771,bird
6772,bird
6773,frog
6774,deer
6775,frog
6776,truck
6777,horse
6778,deer
6779,deer
6780,ship
6781,car
6782,ship
6783,ship
6784,ship
6785,cat
6786,plane
6787,horse
6788,horse
6789,deer
6790,truck
6791,car
6792,truck
6793,ship
6794,cat
6795,truck
6796,plane
6797,ship
6798,horse
6799,horse
6800,deer
6801,cat
6802,bird
6803,ship
6804,deer
6805,deer
6806,dog
6807,ship
6808,ship
6809,frog
6810,bird
6811,deer
6812,cat
6813,bird
6814,truck
6815,frog
6816,truck
6817,bird
6818,cat
6819,bird
6820,frog
6821,truck
6822,truck
6823,frog
6824,car
6825,bird
6826,deer
6827,horse
6828,bird
6829,cat
6830,bird
6831,plane
6832,car
6833,cat
6834,ship
6835,frog
6836,dog
6837,plane
6838,frog
6839,horse
6840,ship
6841,horse
6842,ship
6843,bird
6844,ship
6845,ship
6846,deer
6847,bird
6848,dog
6849,car
6850,plane
6851,car
6852,frog
6853,cat
6854,horse
6855,horse
6856,bird
6857,bird
6858,cat
6859,truck
6860,deer
6861,bird
6862,cat
6863,frog
6864,horse
6865,truck
6866,ship
6867,truck
6868,bird
6869,horse
6870,ship
6871,frog
6872,bird
6873,deer
6874,plane
6875,cat
6876,frog
6877,cat
6878,car
6879,horse
6880,bird
6881,plane
6882,frog
6883,horse
6884,horse
6885,horse
6886,ship
6887,deer
6888,dog
6889,plane
6890,frog
6891,bird
6892,horse
6893,bird
6894,horse
6895,ship
6896,cat
6897,dog
6898,ship
6899,horse
6900,deer
6901,deer
6902,plane
6903,car
6904,deer
6905,plane
6906,car
6907,truck
6908,car
6909,deer
6910,truck
6911,ship
6912,frog
6913,ship
6914,bird
6915,bird
6916,deer
6917,bird
6918,frog
6919,plane
6920,plane
6921,truck
6922,car
6923,car
6924,truck
6925,truck
6926,frog
6927,bird
6928,horse
6929,horse
6930,truck
6931,deer
6932,dog
6933,frog
6934,frog
6935,frog
6936,frog
6937,deer
6938,truck
6939,truck
6940,ship
6941,cat
6942,bird
6943,ship
6944,deer
6945,frog
6946,truck
6947,cat
6948,bird
6949,cat
6950,plane
6951,frog
6952,car
6953,frog
6954,frog
6955,truck
6956,cat
6957,dog
6958,deer
6959,truck
6960,truck
6961,deer
6962,deer
6963,frog
6964,dog
6965,ship
6966,truck
6967,frog
6968,plane
6969,cat
6970,cat
6971,car
6972,frog
6973,car
6974,car
6975,ship
6976,dog
6977,frog
6978,plane
6979,horse
6980,bird
6981,deer
6982,deer
6983,bird
6984,car
6985,dog
6986,cat
6987,car
6988,cat
6989,car
6990,ship
6991,car
6992,dog
6993,truck
6994,ship
6995,dog
6996,bird
6997,bird
6998,truck
6999,cat
7000,ship
7001,ship
7002,car
7003,deer
7004,dog
7005,frog
7006,truck
7007,ship
7008,horse
7009,bird
7010,plane
7011,frog
7012,ship
7013,bird
7014,bird
7015,ship
7016,dog
7017,frog
7018,frog
7019,frog
7020,horse
7021,bird
7022,bird
7023,cat
7024,horse
7025,cat
7026,cat
7027,deer
7028,plane
7029,car
7030,ship
7031,frog
7032,plane
7033,plane
7034,truck
7035,plane
7036,dog
7037,dog
7038,frog
7039,deer
7040,frog
7041,deer
7042,horse
7043,car
7044,horse
7045,cat
7046,truck
7047,plane
7048,deer
7049,ship
7050,bird
7051,dog
7052,ship
7053,deer
7054,dog
7055,plane
7056,bird
7057,frog
7058,ship
7059,deer
7060,frog
7061,truck
7062,car
7063,horse
7064,plane
7065,plane
7066,ship
7067,ship
7068,frog
7069,bird
7070,horse
7071,frog
7072,horse
7073,frog
7074,dog
7075,horse
7076,plane
7077,ship
7078,horse
7079,car
7080,frog
7081,horse
7082,frog
7083,ship
7084,dog
7085,deer
7086,ship
7087,truck
7088,horse
7089,car
7090,frog
7091,dog
7092,plane
7093,horse
7094,bird
7095,frog
7096,ship
7097,car
7098,car
7099,frog
7100,ship
7101,plane
7102,dog
7103,car
7104,car
7105,plane
7106,horse
7107,deer
7108,frog
7109,ship
7110,truck
7111,bird
7112,truck
7113,bird
7114,truck
7115,frog
7116,plane
7117,truck
7118,bird
7119,plane
7120,cat
7121,car
7122,cat
7123,truck
7124,car
7125,deer
7126,truck
7127,ship
7128,horse
7129,deer
7130,ship
7131,plane
7132,car
7133,frog
7134,dog
7135,car
7136,car
7137,plane
7138,bird
7139,bird
7140,car
7141,bird
7142,ship
7143,cat
7144,ship
7145,cat
7146,car
7147,frog
7148,plane
7149,truck
7150,horse
7151,cat
7152,frog
7153,cat
7154,plane
7155,horse
7156,ship
7157,horse
7158,bird
7159,truck
7160,truck
7161,plane
7162,bird
7163,horse
7164,horse
7165,ship
7166,deer
7167,truck
7168,bird
7169,car
7170,bird
7171,plane
7172,plane
7173,dog
7174,car
7175,truck
7176,truck
7177,cat
7178,deer
7179,frog
7180,car
7181,car
7182,car
7183,horse
7184,ship
7185,frog
7186,car
7187,cat
7188,ship
7189,frog
7190,frog
7191,truck
7192,horse
7193,frog
7194,car
7195,deer
7196,car
7197,truck
7198,ship
7199,deer
7200,plane
7201,frog
7202,plane
7203,ship
7204,car
7205,dog
7206,truck
7207,plane
7208,dog
7209,truck
7210,cat
7211,car
7212,cat
7213,deer
7214,ship
7215,ship
7216,ship
7217,dog
7218,frog
7219,ship
7220,plane
7221,horse
7222,car
7223,truck
7224,frog
7225,ship
7226,deer
7227,plane
7228,dog
7229,frog
7230,truck
7231,car
7232,plane
7233,horse
7234,cat
7235,horse
7236,horse
7237,plane
7238,ship
7239,dog
7240,bird
7241,deer
7242,bird
7243,dog
7244,frog
7245,horse
7246,plane
7247,frog
7248,car
7249,car
7250,frog
7251,horse
7252,dog
7253,truck
7254,plane
7255,dog
7256,truck
7257,truck
7258,deer
7259,deer
7260,horse
7261,bird
7262,deer
7263,truck
7264,horse
7265,truck
7266,truck
7267,ship
7268,car
7269,dog
7270,cat
7271,plane
7272,truck
7273,cat
7274,ship
7275,ship
7276,horse
7277,dog
7278,ship
7279,ship
7280,dog
7281,frog
7282,deer
7283,bird
7284,cat
7285,truck
7286,ship
7287,dog
7288,bird
7289,horse
7290,bird
7291,deer
7292,truck
7293,horse
7294,deer
7295,ship
7296,horse
7297,ship
7298,car
7299,cat
7300,plane
7301,truck
7302,bird
7303,ship
7304,truck
7305,frog
7306,deer
7307,bird
7308,horse
7309,frog
7310,ship
7311,truck
7312,plane
7313,frog
7314,ship
7315,dog
7316,frog
7317,cat
7318,deer
7319,deer
7320,bird
7321,deer
7322,car
7323,frog
7324,ship
7325,ship
7326,plane
7327,cat
7328,truck
7329,truck
7330,deer
7331,bird
7332,cat
7333,ship
7334,dog
7335,car
7336,frog
7337,cat
7338,car
7339,dog
7340,frog
7341,cat
7342,car
7343,cat
7344,dog
7345,frog
7346,bird
7347,frog
7348,car
7349,frog
7350,deer
7351,dog
7352,truck
7353,cat
7354,deer
7355,car
7356,frog
7357,bird
7358,frog
7359,car
7360,horse
7361,ship
7362,cat
7363,dog
7364,bird
7365,frog
7366,car
7367,dog
7368,cat
7369,dog
7370,deer
7371,horse
7372,horse
7373,car
7374,bird
7375,bird
7376,truck
7377,truck
7378,plane
7379,frog
7380,bird
7381,car
7382,truck
7383,horse
7384,car
7385,truck
7386,dog
7387,frog
7388,dog
7389,cat
7390,deer
7391,plane
7392,dog
7393,dog
7394,cat
7395,plane
7396,deer
7397,ship
7398,dog
7399,deer
7400,deer
7401,horse
7402,horse
7403,bird
7404,car
7405,truck
7406,car
7407,dog
7408,cat
7409,deer
7410,truck
7411,bird
7412,truck
7413,bird
7414,frog
7415,deer
7416,frog
7417,car
7418,frog
7419,horse
7420,bird
7421,ship
7422,horse
7423,car
7424,truck
7425,cat
7426,bird
7427,dog
7428,truck
7429,bird
7430,horse
7431,bird
7432,frog
7433,bird
7434,truck
7435,car
7436,plane
7437,truck
7438,dog
7439,truck
7440,car
7441,horse
7442,bird
7443,dog
7444,cat
7445,car
7446,car
7447,cat
7448,car
7449,bird
7450,frog
7451,frog
7452,bird
7453,ship
7454,frog
7455,frog
7456,dog
7457,truck
7458,ship
7459,frog
7460,plane
7461,deer
7462,car
7463,bird
7464,deer
7465,bird
7466,dog
7467,cat
7468,car
7469,ship
7470,bird
7471,cat
7472,ship
7473,truck
7474,horse
7475,car
7476,horse
7477,car
7478,frog
7479,bird
7480,dog
7481,cat
7482,plane
7483,horse
7484,frog
7485,truck
7486,horse
7487,frog
7488,car
7489,bird
7490,bird
7491,plane
7492,dog
7493,truck
7494,frog
7495,bird
7496,dog
7497,dog
7498,frog
7499,cat
7500,deer
7501,dog
7502,dog
7503,cat
7504,ship
7505,ship
7506,horse
7507,cat
7508,deer
7509,cat
7510,frog
7511,ship
7512,cat
7513,deer
7514,frog
7515,horse
7516,cat
7517,car
7518,truck
7519,car
7520,ship
7521,cat
7522,car
7523,frog
7524,cat
7525,dog
7526,bird
7527,dog
7528,frog
7529,deer
7530,deer
7531,horse
7532,dog
7533,deer
7534,ship
7535,truck
7536,dog
7537,ship
7538,ship
7539,dog
7540,horse
7541,bird
7542,horse
7543,truck
7544,horse
7545,horse
7546,bird
7547,bird
7548,bird
7549,car
7550,truck
7551,ship
7552,plane
7553,frog
7554,frog
7555,frog
7556,car
7557,car
7558,horse
7559,cat
7560,ship
7561,deer
7562,deer
7563,ship
7564,cat
7565,dog
7566,frog
7567,frog
7568,truck
7569,deer
7570,dog
7571,horse
7572,frog
7573,horse
7574,plane
7575,bird
7576,bird
7577,truck
7578,cat
7579,plane
7580,frog
7581,dog
7582,bird
7583,bird
7584,ship
7585,deer
7586,horse
7587,ship
7588,frog
7589,frog
7590,frog
7591,bird
7592,bird
7593,truck
7594,bird
7595,deer
7596,car
7597,car
7598,frog
7599,bird
7600,car
7601,frog
7602,frog
7603,ship
7604,truck
7605,plane
7606,truck
7607,car
7608,truck
7609,bird
7610,dog
7611,ship
7612,dog
7613,frog
7614,dog
7615,bird
7616,cat
7617,frog
7618,horse
7619,deer
7620,frog
7621,bird
7622,frog
7623,horse
7624,truck
7625,bird
7626,truck
7627,bird
7628,deer
7629,plane
7630,deer
7631,car
7632,ship
7633,car
7634,bird
7635,truck
7636,frog
7637,car
7638,bird
7639,deer
7640,plane
7641,dog
7642,frog
7643,horse
7644,ship
7645,bird
7646,deer
7647,truck
7648,plane
7649,bird
7650,ship
7651,horse
7652,deer
7653,cat
7654,frog
7655,car
7656,dog
7657,dog
7658,horse
7659,dog
7660,frog
7661,frog
7662,dog
7663,horse
7664,frog
7665,horse
7666,frog
7667,ship
7668,car
7669,dog
7670,ship
7671,truck
7672,horse
7673,ship
7674,bird
7675,bird
7676,dog
7677,frog
7678,plane
7679,cat
7680,car
7681,bird
7682,truck
7683,truck
7684,bird
7685,plane
7686,dog
7687,frog
7688,ship
7689,bird
7690,deer
7691,car
7692,deer
7693,frog
7694,bird
7695,bird
7696,dog
7697,dog
7698,truck
7699,horse
7700,deer
7701,truck
7702,truck
7703,ship
7704,ship
7705,car
7706,bird
7707,dog
7708,deer
7709,ship
7710,deer
7711,bird
7712,cat
7713,deer
7714,cat
7715,ship
7716,bird
7717,truck
7718,cat
7719,horse
7720,cat
7721,bird
7722,dog
7723,truck
7724,ship
7725,frog
7726,bird
7727,frog
7728,plane
7729,deer
7730,car
7731,ship
7732,frog
7733,bird
7734,horse
7735,cat
7736,deer
7737,cat
7738,ship
7739,truck
7740,ship
7741,bird
7742,truck
7743,bird
7744,dog
7745,frog
7746,truck
7747,ship
7748,bird
7749,car
7750,truck
7751,plane
7752,bird
7753,ship
7754,deer
7755,ship
7756,car
7757,frog
7758,deer
7759,horse
7760,car
7761,bird
7762,cat
7763,truck
7764,dog
7765,deer
7766,frog
7767,horse
7768,horse
7769,horse
7770,ship
7771,truck
7772,truck
7773,truck
7774,cat
7775,horse
7776,horse
7777,dog
7778,deer
7779,cat
7780,car
7781,deer
7782,ship
7783,dog
7784,frog
7785,deer
7786,truck
7787,ship
7788,horse
7789,frog
7790,deer
7791,plane
7792,bird
7793,ship
7794,cat
7795,cat
7796,horse
7797,frog
7798,plane
7799,ship
7800,ship
7801,truck
7802,cat
7803,horse
7804,dog
7805,frog
7806,bird
7807,ship
7808,cat
7809,truck
7810,bird
7811,car
7812,deer
7813,horse
7814,horse
7815,frog
7816,frog
7817,truck
7818,horse
7819,truck
7820,ship
7821,plane
7822,bird
7823,frog
7824,frog
7825,dog
7826,bird
7827,ship
7828,truck
7829,bird
7830,bird
7831,frog
7832,dog
7833,deer
7834,ship
7835,ship
7836,truck
7837,bird
7838,frog
7839,car
7840,truck
7841,car
7842,bird
7843,deer
7844,cat
7845,dog
7846,car
7847,bird
7848,bird
7849,dog
7850,bird
7851,plane
7852,bird
7853,frog
7854,deer
7855,car
7856,plane
7857,ship
7858,dog
7859,bird
7860,frog
7861,horse
7862,bird
7863,deer
7864,deer
7865,car
7866,ship
7867,cat
7868,horse
7869,deer
7870,ship
7871,car
7872,truck
7873,car
7874,truck
7875,deer
7876,horse
7877,frog
7878,deer
7879,horse
7880,plane
7881,frog
7882,bird
7883,truck
7884,frog
7885,bird
7886,dog
7887,frog
7888,frog
7889,truck
7890,horse
7891,horse
7892,car
7893,frog
7894,ship
7895,truck
7896,plane
7897,plane
7898,car
7899,bird
7900,ship
7901,car
7902,car
7903,ship
7904,deer
7905,dog
7906,frog
7907,car
7908,deer
7909,cat
7910,truck
7911,dog
7912,dog
7913,deer
7914,deer
7915,horse
7916,ship
7917,horse
7918,horse
7919,truck
7920,plane
7921,truck
7922,bird
7923,car
7924,plane
7925,bird
7926,bird
7927,cat
7928,plane
7929,truck
7930,car
7931,ship
7932,bird
7933,dog
7934,truck
7935,truck
7936,frog
7937,plane
7938,car
7939,horse
7940,deer
7941,plane
7942,car
7943,truck
7944,truck
7945,frog
7946,bird
7947,ship
7948,ship
7949,bird
7950,cat
7951,deer
7952,car
7953,bird
7954,cat
7955,ship
7956,plane
7957,bird
7958,deer
7959,deer
7960,plane
7961,bird
7962,deer
7963,car
7964,frog
7965,plane
7966,deer
7967,horse
7968,plane
7969,car
7970,plane
7971,bird
7972,truck
7973,car
7974,truck
7975,car
7976,deer
7977,deer
7978,plane
7979,truck
7980,bird
7981,truck
7982,horse
7983,horse
7984,dog
7985,deer
7986,deer
7987,car
7988,truck
7989,frog
7990,horse
7991,deer
7992,car
7993,frog
7994,truck
7995,horse
7996,frog
7997,horse
7998,truck
7999,cat
8000,frog
8001,deer
8002,horse
8003,bird
8004,ship
8005,truck
8006,cat
8007,truck
8008,truck
8009,ship
8010,horse
8011,horse
8012,cat
8013,ship
8014,truck
8015,frog
8016,ship
8017,truck
8018,bird
8019,deer
8020,plane
8021,deer
8022,ship
8023,car
8024,ship
8025,ship
8026,car
8027,bird
8028,cat
8029,bird
8030,bird
8031,dog
8032,dog
8033,deer
8034,horse
8035,car
8036,car
8037,horse
8038,frog
8039,bird
8040,frog
8041,cat
8042,ship
8043,deer
8044,frog
8045,ship
8046,bird
8047,car
8048,ship
8049,frog
8050,frog
8051,car
8052,frog
8053,cat
8054,ship
8055,truck
8056,dog
8057,horse
8058,frog
8059,truck
8060,plane
8061,bird
8062,plane
8063,frog
8064,cat
8065,frog
8066,deer
8067,plane
8068,cat
8069,ship
8070,bird
8071,dog
8072,cat
8073,frog
8074,dog
8075,ship
8076,truck
8077,ship
8078,frog
8079,bird
8080,truck
8081,ship
8082,cat
8083,dog
8084,ship
8085,car
8086,truck
8087,bird
8088,car
8089,truck
8090,deer
8091,horse
8092,ship
8093,ship
8094,bird
8095,ship
8096,horse
8097,bird
8098,frog
8099,ship
8100,car
8101,ship
8102,frog
8103,frog
8104,ship
8105,frog
8106,truck
8107,bird
8108,deer
8109,car
8110,car
8111,ship
8112,truck
8113,car
8114,car
8115,frog
8116,dog
8117,truck
8118,cat
8119,car
8120,plane
8121,bird
8122,truck
8123,frog
8124,plane
8125,car
8126,plane
8127,horse
8128,car
8129,frog
8130,bird
8131,bird
8132,dog
8133,plane
8134,cat
8135,frog
8136,deer
8137,deer
8138,plane
8139,deer
8140,bird
8141,truck
8142,plane
8143,plane
8144,plane
8145,truck
8146,ship
8147,horse
8148,truck
8149,deer
8150,cat
8151,truck
8152,frog
8153,car
8154,frog
8155,horse
8156,dog
8157,cat
8158,ship
8159,dog
8160,dog
8161,plane
8162,truck
8163,cat
8164,dog
8165,frog
8166,ship
8167,truck
8168,deer
8169,cat
8170,car
8171,truck
8172,ship
8173,horse
8174,ship
8175,plane
8176,cat
8177,deer
8178,frog
8179,frog
8180,cat
8181,ship
8182,frog
8183,car
8184,ship
8185,horse
8186,frog
8187,ship
8188,truck
8189,deer
8190,truck
8191,plane
8192,dog
8193,bird
8194,bird
8195,horse
8196,car
8197,car
8198,bird
8199,horse
8200,bird
8201,bird
8202,car
8203,truck
8204,ship
8205,dog
8206,dog
8207,truck
8208,horse
8209,dog
8210,bird
8211,horse
8212,plane
8213,bird
8214,plane
8215,cat
8216,dog
8217,ship
8218,frog
8219,truck
8220,car
8221,horse
8222,plane
8223,dog
8224,car
8225,truck
8226,truck
8227,car
8228,ship
8229,frog
8230,plane
8231,cat
8232,frog
8233,frog
8234,horse
8235,horse
8236,horse
8237,deer
8238,bird
8239,truck
8240,car
8241,ship
8242,deer
8243,cat
8244,frog
8245,truck
8246,dog
8247,frog
8248,deer
8249,bird
8250,dog
8251,truck
8252,ship
8253,car
8254,ship
8255,dog
8256,plane
8257,horse
8258,horse
8259,deer
8260,cat
8261,truck
8262,bird
8263,truck
8264,ship
8265,ship
8266,dog
8267,dog
8268,bird
8269,plane
8270,dog
8271,bird
8272,frog
8273,cat
8274,deer
8275,truck
8276,ship
8277,deer
8278,cat
8279,dog
8280,bird
8281,plane
8282,ship
8283,ship
8284,car
8285,deer
8286,deer
8287,ship
8288,frog
8289,cat
8290,ship
8291,dog
8292,truck
8293,car
8294,truck
8295,frog
8296,car
8297,deer
8298,frog
8299,bird
8300,frog
8301,horse
8302,frog
8303,bird
8304,frog
8305,ship
8306,dog
8307,car
8308,frog
8309,frog
8310,plane
8311,deer
8312,ship
8313,dog
8314,dog
8315,ship
8316,dog
8317,horse
8318,plane
8319,frog
8320,car
8321,truck
8322,frog
8323,dog
8324,car
8325,truck
8326,frog
8327,truck
8328,deer
8329,bird
8330,truck
8331,deer
8332,truck
8333,plane
8334,truck
8335,dog
8336,ship
8337,horse
8338,dog
8339,car
8340,dog
8341,car
8342,deer
8343,truck
8344,truck
8345,dog
8346,bird
8347,cat
8348,plane
8349,bird
8350,car
8351,horse
8352,frog
8353,truck
8354,bird
8355,horse
8356,cat
8357,deer
8358,car
8359,car
8360,frog
8361,truck
8362,horse
8363,frog
8364,dog
8365,deer
8366,ship
8367,frog
8368,cat
8369,cat
8370,truck
8371,horse
8372,dog
8373,truck
8374,bird
8375,horse
8376,plane
8377,truck
8378,dog
8379,ship
8380,car
8381,car
8382,ship
8383,horse
8384,car
8385,dog
8386,frog
8387,deer
8388,bird
8389,frog
8390,bird
8391,car
8392,truck
8393,truck
8394,ship
8395,deer
8396,truck
8397,plane
8398,deer
8399,horse
8400,frog
8401,ship
8402,frog
8403,cat
8404,horse
8405,car
8406,ship
8407,cat
8408,ship
8409,horse
8410,ship
8411,frog
8412,ship
8413,bird
8414,dog
8415,frog
8416,car
8417,frog
8418,plane
8419,deer
8420,frog
8421,ship
8422,ship
8423,plane
8424,car
8425,cat
8426,car
8427,dog
8428,cat
8429,deer
8430,truck
8431,cat
8432,horse
8433,truck
8434,deer
8435,truck
8436,frog
8437,truck
8438,horse
8439,frog
8440,ship
8441,deer
8442,ship
8443,deer
8444,ship
8445,deer
8446,bird
8447,dog
8448,horse
8449,truck
8450,deer
8451,ship
8452,dog
8453,ship
8454,frog
8455,horse
8456,car
8457,deer
8458,ship
8459,cat
8460,car
8461,car
8462,horse
8463,plane
8464,cat
8465,horse
8466,bird
8467,deer
8468,plane
8469,deer
8470,truck
8471,car
8472,frog
8473,frog
8474,plane
8475,dog
8476,bird
8477,dog
8478,cat
8479,plane
8480,car
8481,truck
8482,ship
8483,deer
8484,ship
8485,deer
8486,horse
8487,frog
8488,truck
8489,car
8490,car
8491,cat
8492,frog
8493,horse
8494,cat
8495,car
8496,cat
8497,frog
8498,deer
8499,ship
8500,ship
8501,horse
8502,truck
8503,cat
8504,truck
8505,plane
8506,plane
8507,car
8508,truck
8509,truck
8510,horse
8511,deer
8512,car
8513,truck
8514,deer
8515,dog
8516,car
8517,ship
8518,bird
8519,horse
8520,dog
8521,dog
8522,horse
8523,horse
8524,deer
8525,car
8526,truck
8527,horse
8528,deer
8529,car
8530,cat
8531,car
8532,dog
8533,cat
8534,deer
8535,truck
8536,plane
8537,dog
8538,deer
8539,dog
8540,frog
8541,bird
8542,ship
8543,dog
8544,horse
8545,bird
8546,dog
8547,horse
8548,horse
8549,truck
8550,bird
8551,bird
8552,frog
8553,dog
8554,frog
8555,frog
8556,bird
8557,frog
8558,cat
8559,plane
8560,horse
8561,dog
8562,car
8563,deer
8564,truck
8565,deer
8566,car
8567,frog
8568,dog
8569,dog
8570,cat
8571,horse
8572,truck
8573,deer
8574,horse
8575,plane
8576,horse
8577,bird
8578,ship
8579,truck
8580,car
8581,horse
8582,dog
8583,truck
8584,dog
8585,bird
8586,cat
8587,truck
8588,bird
8589,ship
8590,dog
8591,dog
8592,deer
8593,plane
8594,deer
8595,deer
8596,frog
8597,plane
8598,frog
8599,horse
8600,cat
8601,deer
8602,deer
8603,deer
8604,ship
8605,bird
8606,ship
8607,truck
8608,car
8609,horse
8610,horse
8611,plane
8612,dog
8613,deer
8614,ship
8615,plane
8616,bird
8617,plane
8618,truck
8619,frog
8620,plane
8621,plane
8622,ship
8623,deer
8624,truck
8625,car
8626,frog
8627,frog
8628,truck
8629,horse
8630,dog
8631,cat
8632,cat
8633,frog
8634,plane
8635,deer
8636,ship
8637,horse
8638,bird
8639,truck
8640,horse
8641,car
8642,car
8643,truck
8644,horse
8645,cat
8646,bird
8647,car
8648,car
8649,truck
8650,cat
8651,truck
8652,cat
8653,plane
8654,plane
8655,plane
8656,deer
8657,bird
8658,car
8659,truck
8660,truck
8661,bird
8662,deer
8663,deer
8664,frog
8665,horse
8666,deer
8667,ship
8668,truck
8669,horse
8670,car
8671,truck
8672,car
8673,horse
8674,dog
8675,bird
8676,truck
8677,ship
8678,ship
8679,bird
8680,bird
8681,car
8682,car
8683,car
8684,bird
8685,bird
8686,frog
8687,car
8688,ship
8689,frog
8690,cat
8691,frog
8692,frog
8693,frog
8694,truck
8695,ship
8696,cat
8697,truck
8698,deer
8699,ship
8700,bird
8701,horse
8702,plane
8703,bird
8704,car
8705,bird
8706,ship
8707,horse
8708,deer
8709,deer
8710,horse
8711,horse
8712,horse
8713,truck
8714,ship
8715,bird
8716,ship
8717,dog
8718,car
8719,frog
8720,truck
8721,bird
8722,bird
8723,horse
8724,frog
8725,car
8726,ship
8727,frog
8728,truck
8729,car
8730,frog
8731,deer
8732,car
8733,frog
8734,dog
8735,deer
8736,dog
8737,dog
8738,plane
8739,frog
8740,ship
8741,car
8742,car
8743,truck
8744,truck
8745,deer
8746,horse
8747,horse
8748,horse
8749,dog
8750,deer
8751,car
8752,deer
8753,bird
8754,car
8755,horse
8756,cat
8757,frog
8758,bird
8759,truck
8760,plane
8761,frog
8762,ship
8763,cat
8764,truck
8765,horse
8766,horse
8767,bird
8768,ship
8769,deer
8770,truck
8771,frog
8772,car
8773,frog
8774,car
8775,plane
8776,cat
8777,frog
8778,plane
8779,car
8780,car
8781,dog
8782,truck
8783,deer
8784,cat
8785,frog
8786,bird
8787,cat
8788,cat
8789,dog
8790,bird
8791,frog
8792,deer
8793,frog
8794,deer
8795,dog
8796,dog
8797,frog
8798,bird
8799,plane
8800,car
8801,plane
8802,horse
8803,ship
8804,car
8805,truck
8806,car
8807,bird
8808,deer
8809,horse
8810,cat
8811,horse
8812,dog
8813,horse
8814,deer
8815,frog
8816,car
8817,cat
8818,deer
8819,bird
8820,frog
8821,ship
8822,cat
8823,cat
8824,deer
8825,dog
8826,horse
8827,frog
8828,bird
8829,dog
8830,cat
8831,ship
8832,plane
8833,plane
8834,car
8835,plane
8836,cat
8837,bird
8838,truck
8839,ship
8840,ship
8841,deer
8842,frog
8843,frog
8844,frog
8845,horse
8846,car
8847,deer
8848,ship
8849,bird
8850,ship
8851,dog
8852,car
8853,truck
8854,frog
8855,bird
8856,car
8857,bird
8858,car
8859,deer
8860,frog
8861,horse
8862,deer
8863,truck
8864,plane
8865,car
8866,plane
8867,bird
8868,car
8869,bird
8870,cat
8871,plane
8872,car
8873,ship
8874,truck
8875,frog
8876,ship
8877,bird
8878,ship
8879,frog
8880,cat
8881,frog
8882,car
8883,car
8884,horse
8885,frog
8886,bird
8887,frog
8888,horse
8889,frog
8890,plane
8891,deer
8892,frog
8893,car
8894,truck
8895,plane
8896,plane
8897,car
8898,deer
8899,ship
8900,ship
8901,truck
8902,frog
8903,deer
8904,truck
8905,cat
8906,car
8907,cat
8908,car
8909,deer
8910,deer
8911,truck
8912,bird
8913,horse
8914,dog
8915,plane
8916,horse
8917,car
8918,deer
8919,car
8920,dog
8921,car
8922,ship
8923,cat
8924,ship
8925,ship
8926,deer
8927,horse
8928,truck
8929,frog
8930,plane
8931,bird
8932,ship
8933,car
8934,car
8935,dog
8936,ship
8937,frog
8938,deer
8939,car
8940,cat
8941,deer
8942,truck
8943,car
8944,ship
8945,deer
8946,horse
8947,deer
8948,frog
8949,cat
8950,truck
8951,car
8952,ship
8953,ship
8954,car
8955,dog
8956,ship
8957,deer
8958,car
8959,frog
8960,dog
8961,ship
8962,frog
8963,cat
8964,deer
8965,truck
8966,horse
8967,cat
8968,deer
8969,plane
8970,horse
8971,ship
8972,dog
8973,car
8974,car
8975,deer
8976,frog
8977,bird
8978,ship
8979,bird
8980,frog
8981,deer
8982,ship
8983,bird
8984,bird
8985,car
8986,car
8987,deer
8988,ship
8989,deer
8990,dog
8991,cat
8992,truck
8993,cat
8994,ship
8995,cat
8996,frog
8997,ship
8998,dog
8999,car
9000,car
9001,frog
9002,ship
9003,bird
9004,dog
9005,bird
9006,cat
9007,bird
9008,dog
9009,bird
9010,bird
9011,cat
9012,plane
9013,horse
9014,car
9015,truck
9016,truck
9017,car
9018,cat
9019,dog
9020,deer
9021,car
9022,dog
9023,dog
9024,truck
9025,dog
9026,bird
9027,ship
9028,horse
9029,ship
9030,frog
9031,dog
9032,car
9033,horse
9034,horse
9035,horse
9036,ship
9037,ship
9038,dog
9039,ship
9040,horse
9041,frog
9042,plane
9043,frog
9044,horse
9045,plane
9046,deer
9047,truck
9048,frog
9049,car
9050,car
9051,bird
9052,ship
9053,dog
9054,cat
9055,deer
9056,bird
9057,bird
9058,deer
9059,horse
9060,truck
9061,ship
9062,car
9063,cat
9064,ship
9065,plane
9066,horse
9067,truck
9068,bird
9069,deer
9070,bird
9071,horse
9072,car
9073,plane
9074,bird
9075,frog
9076,horse
9077,car
9078,bird
9079,frog
9080,dog
9081,plane
9082,truck
9083,ship
9084,ship
9085,ship
9086,car
9087,bird
9088,deer
9089,bird
9090,dog
9091,ship
9092,truck
9093,bird
9094,truck
9095,dog
9096,horse
9097,plane
9098,car
9099,horse
9100,ship
9101,truck
9102,plane
9103,truck
9104,car
9105,bird
9106,frog
9107,bird
9108,truck
9109,car
9110,truck
9111,horse
9112,dog
9113,bird
9114,car
9115,horse
9116,bird
9117,horse
9118,frog
9119,cat
9120,ship
9121,car
9122,frog
9123,frog
9124,frog
9125,frog
9126,horse
9127,dog
9128,frog
9129,dog
9130,plane
9131,truck
9132,dog
9133,ship
9134,deer
9135,deer
9136,ship
9137,deer
9138,dog
9139,plane
9140,car
9141,cat
9142,car
9143,truck
9144,bird
9145,truck
9146,cat
9147,plane
9148,truck
9149,plane
9150,deer
9151,ship
9152,car
9153,deer
9154,bird
9155,horse
9156,cat
9157,dog
9158,frog
9159,ship
9160,bird
9161,frog
9162,cat
9163,truck
9164,frog
9165,car
9166,ship
9167,frog
9168,truck
9169,horse
9170,horse
9171,horse
9172,plane
9173,truck
9174,plane
9175,ship
9176,cat
9177,car
9178,car
9179,car
9180,horse
9181,car
9182,bird
9183,truck
9184,ship
9185,frog
9186,bird
9187,ship
9188,horse
9189,bird
9190,frog
9191,horse
9192,truck
9193,ship
9194,deer
9195,frog
9196,dog
9197,ship
9198,plane
9199,ship
9200,plane
9201,dog
9202,cat
9203,horse
9204,frog
9205,horse
9206,deer
9207,cat
9208,deer
9209,deer
9210,cat
9211,frog
9212,cat
9213,bird
9214,car
9215,cat
9216,ship
9217,car
9218,dog
9219,deer
9220,cat
9221,frog
9222,horse
9223,truck
9224,plane
9225,bird
9226,truck
9227,truck
9228,ship
9229,bird
9230,bird
9231,plane
9232,horse
9233,deer
9234,car
9235,truck
9236,car
9237,plane
9238,truck
9239,ship
9240,truck
9241,cat
9242,ship
9243,car
9244,bird
9245,truck
9246,ship
9247,truck
9248,frog
9249,deer
9250,plane
9251,cat
9252,ship
9253,cat
9254,horse
9255,frog
9256,truck
9257,car
9258,truck
9259,dog
9260,plane
9261,dog
9262,truck
9263,dog
9264,deer
9265,car
9266,plane
9267,frog
9268,frog
9269,bird
9270,frog
9271,cat
9272,bird
9273,ship
9274,car
9275,deer
9276,cat
9277,plane
9278,ship
9279,car
9280,car
9281,dog
9282,car
9283,deer
9284,bird
9285,ship
9286,car
9287,plane
9288,horse
9289,bird
9290,dog
9291,deer
9292,ship
9293,frog
9294,horse
9295,dog
9296,truck
9297,frog
9298,horse
9299,cat
9300,car
9301,plane
9302,frog
9303,horse
9304,truck
9305,truck
9306,dog
9307,deer
9308,cat
9309,bird
9310,deer
9311,frog
9312,bird
9313,deer
9314,frog
9315,deer
9316,plane
9317,truck
9318,frog
9319,horse
9320,cat
9321,plane
9322,dog
9323,ship
9324,truck
9325,deer
9326,deer
9327,horse
9328,bird
9329,ship
9330,car
9331,truck
9332,truck
9333,ship
9334,bird
9335,plane
9336,frog
9337,deer
9338,frog
9339,dog
9340,truck
9341,frog
9342,truck
9343,plane
9344,frog
9345,car
9346,horse
9347,frog
9348,frog
9349,dog
9350,truck
9351,deer
9352,frog
9353,cat
9354,truck
9355,car
9356,dog
9357,frog
9358,bird
9359,frog
9360,ship
9361,bird
9362,cat
9363,truck
9364,dog
9365,deer
9366,plane
9367,bird
9368,plane
9369,frog
9370,frog
9371,dog
9372,deer
9373,ship
9374,plane
9375,ship
9376,dog
9377,cat
9378,car
9379,truck
9380,horse
9381,cat
9382,car
9383,car
9384,plane
9385,plane
9386,frog
9387,bird
9388,car
9389,ship
9390,bird
9391,frog
9392,cat
9393,bird
9394,deer
9395,frog
9396,truck
9397,dog
9398,frog
9399,ship
9400,deer
9401,horse
9402,car
9403,truck
9404,dog
9405,dog
9406,ship
9407,bird
9408,ship
9409,dog
9410,horse
9411,truck
9412,deer
9413,dog
9414,truck
9415,cat
9416,frog
9417,cat
9418,frog
9419,car
9420,car
9421,bird
9422,cat
9423,bird
9424,truck
9425,deer
9426,deer
9427,truck
9428,car
9429,ship
9430,dog
9431,ship
9432,dog
9433,frog
9434,bird
9435,bird
9436,plane
9437,horse
9438,cat
9439,frog
9440,deer
9441,bird
9442,truck
9443,deer
9444,bird
9445,plane
9446,bird
9447,cat
9448,plane
9449,ship
9450,cat
9451,bird
9452,horse
9453,plane
9454,deer
9455,truck
9456,frog
9457,deer
9458,car
9459,plane
9460,horse
9461,dog
9462,truck
9463,bird
9464,frog
9465,cat
9466,deer
9467,horse
9468,car
9469,dog
9470,plane
9471,truck
9472,plane
9473,dog
9474,plane
9475,frog
9476,ship
9477,plane
9478,deer
9479,ship
9480,ship
9481,plane
9482,bird
9483,horse
9484,truck
9485,horse
9486,frog
9487,cat
9488,ship
9489,bird
9490,plane
9491,bird
9492,truck
9493,deer
9494,dog
9495,ship
9496,frog
9497,plane
9498,plane
9499,plane
9500,truck
9501,deer
9502,bird
9503,horse
9504,plane
9505,ship
9506,dog
9507,cat
9508,deer
9509,car
9510,truck
9511,bird
9512,dog
9513,deer
9514,horse
9515,truck
9516,frog
9517,frog
9518,deer
9519,dog
9520,cat
9521,dog
9522,bird
9523,truck
9524,deer
9525,car
9526,dog
9527,truck
9528,plane
9529,car
9530,truck
9531,cat
9532,truck
9533,plane
9534,frog
9535,ship
9536,ship
9537,ship
9538,ship
9539,horse
9540,frog
9541,horse
9542,horse
9543,dog
9544,truck
9545,deer
9546,ship
9547,plane
9548,truck
9549,truck
9550,deer
9551,truck
9552,ship
9553,deer
9554,deer
9555,bird
9556,dog
9557,plane
9558,frog
9559,car
9560,truck
9561,cat
9562,frog
9563,dog
9564,deer
9565,ship
9566,cat
9567,deer
9568,deer
9569,bird
9570,bird
9571,ship
9572,dog
9573,plane
9574,cat
9575,truck
9576,dog
9577,frog
9578,frog
9579,truck
9580,frog
9581,deer
9582,bird
9583,deer
9584,dog
9585,ship
9586,cat
9587,horse
9588,frog
9589,truck
9590,bird
9591,plane
9592,deer
9593,bird
9594,ship
9595,car
9596,horse
9597,frog
9598,deer
9599,dog
9600,bird
9601,deer
9602,frog
9603,dog
9604,car
9605,frog
9606,plane
9607,dog
9608,cat
9609,horse
9610,frog
9611,ship
9612,plane
9613,cat
9614,truck
9615,frog
9616,plane
9617,car
9618,deer
9619,horse
9620,deer
9621,truck
9622,truck
9623,truck
9624,frog
9625,frog
9626,plane
9627,bird
9628,dog
9629,frog
9630,bird
9631,bird
9632,car
9633,ship
9634,cat
9635,ship
9636,truck
9637,dog
9638,frog
9639,ship
9640,cat
9641,horse
9642,deer
9643,horse
9644,ship
9645,truck
9646,car
9647,bird
9648,plane
9649,bird
9650,horse
9651,deer
9652,plane
9653,plane
9654,car
9655,plane
9656,car
9657,frog
9658,cat
9659,cat
9660,deer
9661,deer
9662,frog
9663,cat
9664,bird
9665,horse
9666,dog
9667,frog
9668,horse
9669,deer
9670,cat
9671,ship
9672,truck
9673,frog
9674,truck
9675,deer
9676,cat
9677,ship
9678,frog
9679,dog
9680,horse
9681,bird
9682,dog
9683,horse
9684,frog
9685,deer
9686,cat
9687,frog
9688,bird
9689,plane
9690,frog
9691,truck
9692,truck
9693,bird
9694,truck
9695,dog
9696,deer
9697,car
9698,horse
9699,cat
9700,truck
9701,bird
9702,cat
9703,bird
9704,deer
9705,plane
9706,ship
9707,cat
9708,bird
9709,ship
9710,car
9711,truck
9712,ship
9713,horse
9714,bird
9715,horse
9716,bird
9717,ship
9718,plane
9719,horse
9720,car
9721,cat
9722,frog
9723,frog
9724,ship
9725,truck
9726,dog
9727,bird
9728,truck
9729,horse
9730,frog
9731,cat
9732,deer
9733,plane
9734,cat
9735,cat
9736,cat
9737,frog
9738,car
9739,horse
9740,dog
9741,plane
9742,horse
9743,car
9744,dog
9745,plane
9746,frog
9747,cat
9748,frog
9749,ship
9750,cat
9751,truck
9752,frog
9753,cat
9754,cat
9755,dog
9756,plane
9757,car
9758,plane
9759,deer
9760,cat
9761,frog
9762,truck
9763,deer
9764,car
9765,truck
9766,frog
9767,car
9768,dog
9769,cat
9770,car
9771,ship
9772,car
9773,truck
9774,ship
9775,ship
9776,horse
9777,car
9778,deer
9779,ship
9780,truck
9781,ship
9782,deer
9783,bird
9784,bird
9785,dog
9786,bird
9787,car
9788,horse
9789,frog
9790,car
9791,car
9792,truck
9793,ship
9794,cat
9795,car
9796,bird
9797,dog
9798,deer
9799,horse
9800,deer
9801,truck
9802,cat
9803,dog
9804,bird
9805,truck
9806,truck
9807,car
9808,cat
9809,frog
9810,bird
9811,deer
9812,deer
9813,truck
9814,car
9815,deer
9816,car
9817,truck
9818,ship
9819,truck
9820,dog
9821,horse
9822,car
9823,dog
9824,frog
9825,ship
9826,ship
9827,ship
9828,truck
9829,frog
9830,car
9831,ship
9832,truck
9833,frog
9834,ship
9835,deer
9836,frog
9837,cat
9838,ship
9839,car
9840,bird
9841,ship
9842,dog
9843,plane
9844,car
9845,ship
9846,horse
9847,frog
9848,frog
9849,plane
9850,dog
9851,plane
9852,frog
9853,horse
9854,truck
9855,horse
9856,ship
9857,bird
9858,ship
9859,deer
9860,dog
9861,ship
9862,plane
9863,horse
9864,bird
9865,frog
9866,bird
9867,ship
9868,dog
9869,frog
9870,ship
9871,car
9872,truck
9873,cat
9874,horse
9875,ship
9876,truck
9877,ship
9878,horse
9879,ship
9880,bird
9881,cat
9882,bird
9883,plane
9884,deer
9885,ship
9886,car
9887,horse
9888,dog
9889,frog
9890,horse
9891,horse
9892,dog
9893,bird
9894,truck
9895,bird
9896,bird
9897,bird
9898,bird
9899,deer
9900,car
9901,truck
9902,truck
9903,plane
9904,frog
9905,horse
9906,frog
9907,ship
9908,deer
9909,cat
9910,car
9911,ship
9912,car
9913,ship
9914,dog
9915,cat
9916,truck
9917,cat
9918,cat
9919,plane
9920,dog
9921,frog
9922,bird
9923,frog
9924,plane
9925,dog
9926,truck
9927,truck
9928,ship
9929,bird
9930,cat
9931,truck
9932,car
9933,ship
9934,truck
9935,frog
9936,truck
9937,deer
9938,bird
9939,bird
9940,truck
9941,car
9942,horse
9943,plane
9944,ship
9945,bird
9946,truck
9947,deer
9948,cat
9949,car
9950,ship
9951,truck
9952,deer
9953,plane
9954,ship
9955,bird
9956,frog
9957,ship
9958,frog
9959,frog
9960,deer
9961,frog
9962,bird
9963,car
9964,car
9965,bird
9966,bird
9967,frog
9968,cat
9969,truck
9970,car
9971,ship
9972,horse
9973,truck
9974,dog
9975,ship
9976,frog
9977,frog
9978,truck
9979,bird
9980,ship
9981,truck
9982,dog
9983,frog
9984,truck
9985,truck
9986,ship
9987,ship
9988,cat
9989,cat
9990,car
9991,deer
9992,dog
9993,frog
9994,deer
9995,dog
9996,horse
9997,cat
9998,dog
9999,horse
10000,car
